[{"model": "auth.user", "pk": 1, "fields": {"password": "pbkdf2_sha256$180000$nuRbSLbRqU2q$XEO3NqAP4ljBa7or636AQNVFkuuFxOnZlwnuFw5A+rs=", "last_login": "2021-09-17T08:02:37.510Z", "is_superuser": true, "username": "ab5779", "first_name": "", "last_name": "", "email": "andrewboyd79@googlemail.com", "is_staff": true, "is_active": true, "date_joined": "2021-08-25T18:43:03.443Z", "groups": [], "user_permissions": []}}, {"model": "auth.user", "pk": 2, "fields": {"password": "pbkdf2_sha256$180000$OR34ODFAQcvh$cFlKtZ87e4daZa52CgTWaSewJNtBM4ZQ/P/eQdgXFpU=", "last_login": "2021-09-16T07:42:01.505Z", "is_superuser": false, "username": "c3c1lG1bl3T", "first_name": "", "last_name": "", "email": "cecil@giblet.com", "is_staff": false, "is_active": true, "date_joined": "2021-09-14T20:45:26.694Z", "groups": [], "user_permissions": []}}, {"model": "sessions.session", "pk": "0eg7xbv2glqij2w254k1adslfr880pri", "fields": {"session_data": "NTA5ZmM4NGViMDZiZjliODFjY2Y3NGVmZGY4OTE3MDE2MjZjNmUyYzp7Il9hdXRoX3VzZXJfaWQiOiIxIiwiX2F1dGhfdXNlcl9iYWNrZW5kIjoiZGphbmdvLmNvbnRyaWIuYXV0aC5iYWNrZW5kcy5Nb2RlbEJhY2tlbmQiLCJfYXV0aF91c2VyX2hhc2giOiIwMTRhOTZlYTczMTViZTk2MWY5ZWFjNTI2ZWJiODljZmZkMDM0YWQ4IiwiX3Nlc3Npb25fZXhwaXJ5IjowfQ==", "expire_date": "2021-09-08T21:14:25.559Z"}}, {"model": "sessions.session", "pk": "1t4tk981fww2hgo82y5imimom78asx2j", "fields": {"session_data": "NjJlN2EzZTJmNDE0ZjhjMmM3OTNhNDdhMmI4MjFjYWY2YjBhNjM0Mzp7fQ==", "expire_date": "2021-09-28T19:08:53.294Z"}}, {"model": "sessions.session", "pk": "45mmbzaqmptpb9e2ewz7zvazqn6qhx4x", "fields": {"session_data": "NjJlN2EzZTJmNDE0ZjhjMmM3OTNhNDdhMmI4MjFjYWY2YjBhNjM0Mzp7fQ==", "expire_date": "2021-09-28T20:34:41.488Z"}}, {"model": "sessions.session", "pk": "gxcr2gysy2f7vqq1c5cvt14zngsvo93u", "fields": {"session_data": "MDQ2MGM5Y2NkY2EwNjAwMmM5YzJhNjk5NTNlYWJmMDRmM2M0MDc1Mjp7InNlbGVjdGVkX2xvY2F0aW9uIjoiUGFya3MgQ2FydCIsIl9hdXRoX3VzZXJfaWQiOiIxIiwiX2F1dGhfdXNlcl9iYWNrZW5kIjoiZGphbmdvLmNvbnRyaWIuYXV0aC5iYWNrZW5kcy5Nb2RlbEJhY2tlbmQiLCJfYXV0aF91c2VyX2hhc2giOiIwMTRhOTZlYTczMTViZTk2MWY5ZWFjNTI2ZWJiODljZmZkMDM0YWQ4IiwiX3Nlc3Npb25fZXhwaXJ5IjowLCJzYXZlX2luZm8iOmZhbHNlfQ==", "expire_date": "2021-10-01T09:19:24.092Z"}}, {"model": "sessions.session", "pk": "lyd4io3bo8vfxcv935w9h2iloaqqpd7k", "fields": {"session_data": "Yjc3ODkxNjM5MzE4ZmJiY2Q1M2IxZjAyOTYyNGFmMTA5ZGQ5NzQzMTp7ImJhZyI6eyIyIjoyLCIxOSI6NiwiNyI6MSwiMTEiOjF9LCJfYXV0aF91c2VyX2lkIjoiMSIsIl9hdXRoX3VzZXJfYmFja2VuZCI6ImRqYW5nby5jb250cmliLmF1dGguYmFja2VuZHMuTW9kZWxCYWNrZW5kIiwiX2F1dGhfdXNlcl9oYXNoIjoiMDE0YTk2ZWE3MzE1YmU5NjFmOWVhYzUyNmViYjg5Y2ZmZDAzNGFkOCJ9", "expire_date": "2021-09-15T19:47:42.338Z"}}, {"model": "sessions.session", "pk": "n6vwuqpr82veed1gcsiu4tru0lpq8clf", "fields": {"session_data": "MDkzZjEzZGRhMTAyNTAyOTRkMmE4MzU4ZDkxNjNmZDYyN2Y5MGRjMDp7InNlbGVjdGVkX2xvY2F0aW9uIjoiUGFya3MgQ2FydCJ9", "expire_date": "2021-09-28T19:51:14.116Z"}}, {"model": "sessions.session", "pk": "nwubm1ckuawf96najjvtw8cai1ffqngu", "fields": {"session_data": "MmMyNzE3MDcxMDIwZjRjYzVmN2IxMWZlY2JmOTMwNGYwZWIzOWU1Nzp7InNlbGVjdGVkX2xvY2F0aW9uIjoiUGFya3MgQ2FydCIsImJhZyI6eyIxIjp7Iml0ZW1zX2J5X3NpemUiOnsicmVndWxhciI6MX19fX0=", "expire_date": "2021-09-27T19:44:03.849Z"}}, {"model": "sessions.session", "pk": "ocu5y6mmue1yrpi1tfv6up25p7c5rjnn", "fields": {"session_data": "NTkxN2M4MmQ4OTg2OGZlNjBlNTEyNzViMWNkNTg2NDZjYzViMTRlNzp7Il9hdXRoX3VzZXJfaWQiOiIxIiwiX2F1dGhfdXNlcl9iYWNrZW5kIjoiZGphbmdvLmNvbnRyaWIuYXV0aC5iYWNrZW5kcy5Nb2RlbEJhY2tlbmQiLCJfYXV0aF91c2VyX2hhc2giOiIwMTRhOTZlYTczMTViZTk2MWY5ZWFjNTI2ZWJiODljZmZkMDM0YWQ4IiwiX3Nlc3Npb25fZXhwaXJ5IjowLCJzZWxlY3RlZF9sb2NhdGlvbiI6Ikhvc3BpdGFsIENhcnQiLCJiYWciOnsiMyI6eyJpdGVtc19ieV9zaXplIjp7InJlZ3VsYXIiOjF9fX19", "expire_date": "2021-09-29T20:22:54.701Z"}}, {"model": "sessions.session", "pk": "rjrqxvtepyc0um7c7j2vems8imj79gdx", "fields": {"session_data": "YWM2YzliYzY1ZmQxMzBhODQ0ZTk4YzYxYWVjY2MzZDRhNjE1MWZmMTp7Il9tZXNzYWdlcyI6IltbXCJfX2pzb25fbWVzc2FnZVwiLDAsNDAsXCJXYWl0IGEgbWludXRlIC0geW91J3ZlIG5vIGVzcHJlc3NvIGluIHlvdXIgb3JkZXIhICAgICAgICAgICAgICAgICAgICAgICAgICAgICAgICAgSGVhZCBiYWNrIGFuZCBhZGQgYW4gZXNwcmVzc28gb3IgdHdvIVwiXV0ifQ==", "expire_date": "2021-09-23T17:41:49.454Z"}}, {"model": "sessions.session", "pk": "s79dk8v52l4q4lf5syzuze0yu6nv0ulv", "fields": {"session_data": "M2E2Mjk2OGU5MDhlMTExMmZmZWJlNjgyNDdjMmFiYjVhNjEyOGM5MDp7Il9hdXRoX3VzZXJfaWQiOiIyIiwiX2F1dGhfdXNlcl9iYWNrZW5kIjoiZGphbmdvLmNvbnRyaWIuYXV0aC5iYWNrZW5kcy5Nb2RlbEJhY2tlbmQiLCJfYXV0aF91c2VyX2hhc2giOiI0OTBlN2JlYmM2NTIzYzYxOTViNTRmMzc5NDBhZDFmZTVlMjI0MTZiIiwiX3Nlc3Npb25fZXhwaXJ5IjowfQ==", "expire_date": "2021-09-28T21:02:37.205Z"}}, {"model": "sessions.session", "pk": "uyu8adbxddy1hmwxhz9qnttp4ubztdxm", "fields": {"session_data": "MGM2NjAxMDJlNmNjZDkzMjVkZGM1NTRjODA3ODg4OTRjMTlkMDg5Zjp7InNlbGVjdGVkX2xvY2F0aW9uIjoiUGFya3MgQ2FydCIsImJhZyI6eyIxOCI6MSwiMTciOjF9fQ==", "expire_date": "2021-09-20T15:15:25.130Z"}}, {"model": "sessions.session", "pk": "vaygm1iw6ox2v7chdjsipvvovpqggkjt", "fields": {"session_data": "YTAzMmQxYWNmNzcxMDlmOTQxYzM2Y2JkNzk3YzlkM2E0OTBiN2MzYjp7InNlbGVjdGVkX2xvY2F0aW9uIjoiSG9zcGl0YWwgQ2FydCIsImJhZyI6e30sIl9hdXRoX3VzZXJfaWQiOiIxIiwiX2F1dGhfdXNlcl9iYWNrZW5kIjoiZGphbmdvLmNvbnRyaWIuYXV0aC5iYWNrZW5kcy5Nb2RlbEJhY2tlbmQiLCJfYXV0aF91c2VyX2hhc2giOiIwMTRhOTZlYTczMTViZTk2MWY5ZWFjNTI2ZWJiODljZmZkMDM0YWQ4In0=", "expire_date": "2021-09-21T08:51:58.839Z"}}, {"model": "sessions.session", "pk": "w4zm6qmw7b1uaav4l6pny8vos341myrh", "fields": {"session_data": "OTBjMDRkNDhhNzlkZGVlZTZmNjNjOTdhOTk4MTNlMjdiZGRiMjViYjp7Il9hdXRoX3VzZXJfaWQiOiIxIiwiX2F1dGhfdXNlcl9iYWNrZW5kIjoiZGphbmdvLmNvbnRyaWIuYXV0aC5iYWNrZW5kcy5Nb2RlbEJhY2tlbmQiLCJfYXV0aF91c2VyX2hhc2giOiIwMTRhOTZlYTczMTViZTk2MWY5ZWFjNTI2ZWJiODljZmZkMDM0YWQ4IiwiYmFnIjp7IjciOjIsIjkiOjEsIjEyIjoxLCIxMSI6MywiMyI6NCwiMiI6MywiOCI6MX0sInNlbGVjdGVkX2xvY2F0aW9uIjoiSG9zcGl0YWwgQ2FydCIsInRlc3QiOiJIb3NwaXRhbCBDYXJ0In0=", "expire_date": "2021-09-19T18:18:05.800Z"}}, {"model": "sessions.session", "pk": "x1jyxc68wwfh78m8pzgxqb59xxw5z41i", "fields": {"session_data": "YjczMGVhOTJmMjVjYTRkNzBjZDJlNjhmYmNkNzk5MGQ0OWQyM2EwMjp7InNlbGVjdGVkX2xvY2F0aW9uIjoiUGFya3MgQ2FydCIsIl9hdXRoX3VzZXJfaWQiOiIxIiwiX2F1dGhfdXNlcl9iYWNrZW5kIjoiZGphbmdvLmNvbnRyaWIuYXV0aC5iYWNrZW5kcy5Nb2RlbEJhY2tlbmQiLCJfYXV0aF91c2VyX2hhc2giOiIwMTRhOTZlYTczMTViZTk2MWY5ZWFjNTI2ZWJiODljZmZkMDM0YWQ4IiwiX3Nlc3Npb25fZXhwaXJ5IjowLCJzYXZlX2luZm8iOnRydWV9", "expire_date": "2021-09-23T20:29:46.261Z"}}, {"model": "sessions.session", "pk": "x7wbu766mherbcz4od6rqv6sazlshy5i", "fields": {"session_data": "ODM1MTQyZTJmOGYwNTU2NzA1YWQyN2Q2ZWMxZmIzMjlmZDI2MzFjMTp7InNlbGVjdGVkX2xvY2F0aW9uIjoiUGFya3MgQ2FydCIsImJhZyI6eyI4IjoxLCIxOSI6MSwiMiI6eyJpdGVtc19ieV9zaXplIjp7ImxhcmdlIjoxfX19LCJfYXV0aF91c2VyX2lkIjoiMSIsIl9hdXRoX3VzZXJfYmFja2VuZCI6ImRqYW5nby5jb250cmliLmF1dGguYmFja2VuZHMuTW9kZWxCYWNrZW5kIiwiX2F1dGhfdXNlcl9oYXNoIjoiMDE0YTk2ZWE3MzE1YmU5NjFmOWVhYzUyNmViYjg5Y2ZmZDAzNGFkOCIsIl9zZXNzaW9uX2V4cGlyeSI6MH0=", "expire_date": "2021-09-20T08:53:44.699Z"}}, {"model": "sites.site", "pk": 1, "fields": {"domain": "espressorders.example.com", "name": "espressOrders"}}, {"model": "account.emailaddress", "pk": 1, "fields": {"user": 1, "email": "andrewboyd79@googlemail.com", "verified": true, "primary": true}}, {"model": "account.emailaddress", "pk": 2, "fields": {"user": 2, "email": "cecil@giblet.com", "verified": true, "primary": true}}, {"model": "home.location", "pk": 1, "fields": {"name": "Hospital Cart"}}, {"model": "home.location", "pk": 2, "fields": {"name": "Parks Cart"}}, {"model": "products.category", "pk": 1, "fields": {"name": "Hot Drinks"}}, {"model": "products.category", "pk": 2, "fields": {"name": "Cold Drinks"}}, {"model": "products.category", "pk": 3, "fields": {"name": "Iced Drinks"}}, {"model": "products.type", "pk": 1, "fields": {"name": "Coffee", "category": 1}}, {"model": "products.type", "pk": 2, "fields": {"name": "Tea", "category": 1}}, {"model": "products.type", "pk": 3, "fields": {"name": "Speciality Coffee", "category": 1}}, {"model": "products.type", "pk": 4, "fields": {"name": "Smoothies", "category": 2}}, {"model": "products.type", "pk": 5, "fields": {"name": "Shakes", "category": 2}}, {"model": "products.type", "pk": 6, "fields": {"name": "Soft Drinks", "category": 2}}, {"model": "products.type", "pk": 7, "fields": {"name": "Iced Coffee", "category": 3}}, {"model": "products.product", "pk": 1, "fields": {"category": 1, "type": 1, "name": "Espresso", "brief_description": "A single shot of the house blend  to perk you up - as stong as they come!", "description": "An espresso, or a short black, as it\u2019s commonly called is essentially 30ml of strong brewed coffee.  It's brewed by forcing a small amount of nearly boiling water, under pressure (steam), through finely ground coffee beans.\r\n\r\nEspresso can be made from a wide variety of coffee beans - at espressOrders we use a house blend sourced from our Fairtrade coffee partners.", "starting_price": "1.50", "image_url": null, "image": "", "has_attributes": true}}, {"model": "products.product", "pk": 2, "fields": {"category": 1, "type": 1, "name": "Latte", "brief_description": "Espresso, topped with steamed milk and a layer of foamed milk crema", "description": "A caffe latte, often shortened to latte, is made with an espresso shot,  steamed milk and with a layer of foamed milk crema.", "starting_price": "2.50", "image_url": null, "image": "", "has_attributes": true}}, {"model": "products.product", "pk": 3, "fields": {"category": 1, "type": 1, "name": "Cappuccino", "brief_description": "Espresso with steamed milk and froth on top", "description": "Recognised by the froth on top, a cappuccino is comprised of one-third espresso shot, one-third textured milk and one-third froth on top.\r\n \r\nJust ask if you'd like a dusting of chocolate or cinnamon to finish!", "starting_price": "2.50", "image_url": null, "image": "", "has_attributes": true}}, {"model": "products.product", "pk": 4, "fields": {"category": 1, "type": 1, "name": "Americano", "brief_description": "A black coffee, with at least two shots of your favourtite espresso", "description": "A black coffee, with at least two shots of your favourtite espresso.", "starting_price": "2.00", "image_url": null, "image": "", "has_attributes": true}}, {"model": "products.product", "pk": 5, "fields": {"category": 1, "type": 1, "name": "Flat White", "brief_description": "A black coffee, with at least two shots of your favourtite espresso", "description": "A black coffee, with at least two shots of your favourtite espresso.", "starting_price": "2.50", "image_url": null, "image": "", "has_attributes": false}}, {"model": "products.product", "pk": 6, "fields": {"category": 1, "type": 2, "name": "House Blend", "brief_description": "Brewed locally, a black tea with attitude", "description": "Brewed locally, a black tea with attitude.", "starting_price": "2.00", "image_url": null, "image": "", "has_attributes": true}}, {"model": "products.product", "pk": 7, "fields": {"category": 1, "type": 2, "name": "Breakfast Tea", "brief_description": "A perfect blend of teas to start to the day - nothing fancy!", "description": "A perfect blend of teas to start to the day - nothing fancy!", "starting_price": "2.00", "image_url": null, "image": "", "has_attributes": true}}, {"model": "products.product", "pk": 8, "fields": {"category": 1, "type": 2, "name": "Earl Grey", "brief_description": "Tea blend with a distinctive citrus flavour", "description": "Tea blend with a distinctive citrus flavour.", "starting_price": "2.00", "image_url": null, "image": "", "has_attributes": true}}, {"model": "products.product", "pk": 9, "fields": {"category": 1, "type": 3, "name": "Babyccino", "brief_description": "Cappuccino style drink without the coffee; perfect for the little ones!", "description": "Cappuccino style drink without the coffee; perfect for the little ones!", "starting_price": "1.00", "image_url": null, "image": "", "has_attributes": false}}, {"model": "products.product", "pk": 10, "fields": {"category": 1, "type": 3, "name": "Chai Latte", "brief_description": "The warm aromatic flavours of Chai tea with steamed milk", "description": "The warm aromatic flavours of Chai tea with steamed milk.", "starting_price": "2.50", "image_url": null, "image": "", "has_attributes": true}}, {"model": "products.product", "pk": 11, "fields": {"category": 1, "type": 3, "name": "Hot Chocolate", "brief_description": "A perfect winter warmer, when you need something decadent", "description": "A perfect winter warmer, when you need something decadent!", "starting_price": "3.00", "image_url": null, "image": "", "has_attributes": true}}, {"model": "products.product", "pk": 12, "fields": {"category": 2, "type": 4, "name": "Muddy Pup", "brief_description": "A heady mix of chocolate, peanut butter and hint of banana", "description": "A heady mix of chocolate, peanut butter and hint of banana.", "starting_price": "3.00", "image_url": null, "image": "", "has_attributes": true}}, {"model": "products.product", "pk": 13, "fields": {"category": 2, "type": 4, "name": "Green Booster", "brief_description": "A blend of pear, apple and spinach - to invigorate and inspire", "description": "A blend of pear, apple and spinach - to invigorate and inspire.", "starting_price": "4.00", "image_url": null, "image": "", "has_attributes": true}}, {"model": "products.product", "pk": 14, "fields": {"category": 2, "type": 5, "name": "Chocolate", "brief_description": "Chocolate mix blended with milk, vanilla and ice", "description": "Chocolate mix blended with milk, vanilla and ice", "starting_price": "3.00", "image_url": null, "image": "", "has_attributes": true}}, {"model": "products.product", "pk": 15, "fields": {"category": 2, "type": 5, "name": "Strawberry", "brief_description": "Natural strawberry base, mixed with milk and ice", "description": "Natural strawberry base, mixed with milk and ice", "starting_price": "3.00", "image_url": null, "image": "", "has_attributes": true}}, {"model": "products.product", "pk": 16, "fields": {"category": 2, "type": 5, "name": "Vanilla", "brief_description": "Vanilla syrup, milk and ice - simple can be delicious too!", "description": "Vanilla syrup, milk and ice - simple can be delicious too!", "starting_price": "3.00", "image_url": null, "image": "", "has_attributes": true}}, {"model": "products.product", "pk": 17, "fields": {"category": 2, "type": 6, "name": "Still Water", "brief_description": "Water - plain and simple as it gets", "description": "Water - plain and simple as it gets.", "starting_price": "2.00", "image_url": null, "image": "", "has_attributes": false}}, {"model": "products.product", "pk": 18, "fields": {"category": 2, "type": 6, "name": "Sparkling Water", "brief_description": "Spring water with a sparkle", "description": "Spring water with a sparkle!", "starting_price": "2.00", "image_url": null, "image": "", "has_attributes": false}}, {"model": "products.product", "pk": 19, "fields": {"category": 3, "type": 7, "name": "Iced Latte", "brief_description": "All the smoothness of a latte for when the weather gets hot", "description": "All the smoothness of a latte for when the weather gets hot!", "starting_price": "3.50", "image_url": null, "image": "", "has_attributes": true}}, {"model": "checkout.order", "pk": 3, "fields": {"order_number": "C21EE122CDD54AE1A8CBEF8FAEFD43B0", "user_profile": null, "full_name": "Cecil Giblet", "email": "test@test.com", "phone_number": "07745 666789", "collection_location": 1, "date": "2021-09-09T20:21:18.311Z", "order_total": "2.50", "original_bag": "", "stripe_pid": ""}}, {"model": "checkout.order", "pk": 4, "fields": {"order_number": "ED4496BB1E8749FDBD13FA9E130728F9", "user_profile": null, "full_name": "Cecil Giblet", "email": "cecil@giblet.com", "phone_number": "07745 666789", "collection_location": 1, "date": "2021-09-09T20:25:17.909Z", "order_total": "7.50", "original_bag": "", "stripe_pid": ""}}, {"model": "checkout.order", "pk": 5, "fields": {"order_number": "731912A4AF6B4B7C8DE1A2B9923B61BB", "user_profile": null, "full_name": "Cecil Giblet", "email": "cecil@giblet.com", "phone_number": "07745 666789", "collection_location": 1, "date": "2021-09-09T20:29:46.002Z", "order_total": "8.00", "original_bag": "", "stripe_pid": ""}}, {"model": "checkout.order", "pk": 6, "fields": {"order_number": "5F6A6D8549DE413790B4C39B40882EC0", "user_profile": null, "full_name": "Cecil Giblet", "email": "cecil@giblet.com", "phone_number": "07745 666789", "collection_location": 1, "date": "2021-09-10T09:19:31.557Z", "order_total": "7.00", "original_bag": "", "stripe_pid": ""}}, {"model": "checkout.order", "pk": 7, "fields": {"order_number": "0FA10E427FE44A9F8C32E31CE402E868", "user_profile": null, "full_name": "Cecil Giblet", "email": "cecil@giblet.com", "phone_number": "07745 666789", "collection_location": 1, "date": "2021-09-10T09:31:29.592Z", "order_total": "2.50", "original_bag": "", "stripe_pid": ""}}, {"model": "checkout.order", "pk": 8, "fields": {"order_number": "24EEFC575ED84B64A31928764F38FDC2", "user_profile": null, "full_name": "Cecil Giblet", "email": "cecil@giblet.com", "phone_number": "07745 666789", "collection_location": 1, "date": "2021-09-10T10:14:24.748Z", "order_total": "21.50", "original_bag": "", "stripe_pid": ""}}, {"model": "checkout.order", "pk": 9, "fields": {"order_number": "67FF35C8BB914463BF3F21819E777127", "user_profile": null, "full_name": "Cecil Giblet", "email": "cecil@giblet.com", "phone_number": "07745 666789", "collection_location": 1, "date": "2021-09-10T10:35:59.414Z", "order_total": "4.00", "original_bag": "", "stripe_pid": ""}}, {"model": "checkout.order", "pk": 10, "fields": {"order_number": "88864250E34C4BB181DDBECFA35B0605", "user_profile": null, "full_name": "Cecil Giblet", "email": "cecil@giblet.com", "phone_number": "07745 666789", "collection_location": 2, "date": "2021-09-10T10:37:15.810Z", "order_total": "2.50", "original_bag": "", "stripe_pid": ""}}, {"model": "checkout.order", "pk": 11, "fields": {"order_number": "7A274A823A8F47C9BA0AC4777555A4F1", "user_profile": null, "full_name": "Cecil Giblet", "email": "cecil@giblet.com", "phone_number": "07745 666789", "collection_location": 2, "date": "2021-09-10T10:45:05.524Z", "order_total": "2.00", "original_bag": "", "stripe_pid": ""}}, {"model": "checkout.order", "pk": 12, "fields": {"order_number": "50E8B442C372442F879C661B2E970C11", "user_profile": null, "full_name": "Cecil Giblet", "email": "cecil@giblet.com", "phone_number": "07745 666789", "collection_location": 1, "date": "2021-09-10T11:04:07.313Z", "order_total": "3.50", "original_bag": "", "stripe_pid": ""}}, {"model": "checkout.order", "pk": 13, "fields": {"order_number": "2C10AB0B6C2E408B989ECF547A082AC6", "user_profile": null, "full_name": "Cecil Giblet", "email": "cecil@giblet.com", "phone_number": "07745 666789", "collection_location": 1, "date": "2021-09-10T11:05:32.626Z", "order_total": "4.00", "original_bag": "", "stripe_pid": ""}}, {"model": "checkout.order", "pk": 14, "fields": {"order_number": "0D92051854B84819983EB996FD4793EC", "user_profile": null, "full_name": "Cecil Giblet", "email": "test@test.com", "phone_number": "07745 666789", "collection_location": 1, "date": "2021-09-10T11:09:39.878Z", "order_total": "3.50", "original_bag": "", "stripe_pid": ""}}, {"model": "checkout.order", "pk": 15, "fields": {"order_number": "30419CF4E6114E32BF8FB95F2B862842", "user_profile": null, "full_name": "Cecil Giblet", "email": "cecil@giblet.com", "phone_number": "07745 666789", "collection_location": 1, "date": "2021-09-10T11:15:30.626Z", "order_total": "3.50", "original_bag": "", "stripe_pid": ""}}, {"model": "checkout.order", "pk": 16, "fields": {"order_number": "571A295FC856472C9BE3B6FFADD5BA4A", "user_profile": null, "full_name": "Cecil Giblet", "email": "cecil@giblet.com", "phone_number": "07745 666789", "collection_location": 2, "date": "2021-09-10T11:18:34.269Z", "order_total": "4.00", "original_bag": "", "stripe_pid": ""}}, {"model": "checkout.order", "pk": 17, "fields": {"order_number": "900D253C7BA24F608EDB0CC3AE61B6E0", "user_profile": null, "full_name": "Cecil Giblet", "email": "cecil@giblet.com", "phone_number": "07745 666789", "collection_location": 1, "date": "2021-09-12T16:55:26.927Z", "order_total": "3.50", "original_bag": "", "stripe_pid": ""}}, {"model": "checkout.order", "pk": 18, "fields": {"order_number": "866BBF12E06740F1B45E21204C91A296", "user_profile": null, "full_name": "Cecil Giblet", "email": "cecil@giblet.com", "phone_number": "07735 7898787", "collection_location": 1, "date": "2021-09-12T19:13:10.546Z", "order_total": "3.00", "original_bag": "", "stripe_pid": ""}}, {"model": "checkout.order", "pk": 19, "fields": {"order_number": "B048409DBCFD4AE893444BC4C8A6FB6C", "user_profile": null, "full_name": "Cecil Giblet", "email": "cecil@giblet.com", "phone_number": "07745 666789", "collection_location": 1, "date": "2021-09-12T19:17:36.290Z", "order_total": "3.00", "original_bag": "", "stripe_pid": ""}}, {"model": "checkout.order", "pk": 20, "fields": {"order_number": "9F13D610264D4B54B676A34FE07CEA53", "user_profile": null, "full_name": "Cecil Giblet", "email": "cecil@giblet.com", "phone_number": "07745 666789", "collection_location": 1, "date": "2021-09-12T19:40:33.858Z", "order_total": "2.50", "original_bag": "", "stripe_pid": ""}}, {"model": "checkout.order", "pk": 21, "fields": {"order_number": "C26D693FC3D048C7BF8C4FE4F803A3E2", "user_profile": null, "full_name": "Cecil Giblet", "email": "cecil@giblet.com", "phone_number": "07745 666789", "collection_location": 1, "date": "2021-09-12T19:44:11.345Z", "order_total": "2.00", "original_bag": "", "stripe_pid": ""}}, {"model": "checkout.order", "pk": 22, "fields": {"order_number": "A8A107EC711445CC8126C110AEE350BB", "user_profile": null, "full_name": "Cecil Giblet", "email": "cecil@giblet.com", "phone_number": "07745 666789", "collection_location": 1, "date": "2021-09-12T19:45:42.778Z", "order_total": "3.00", "original_bag": "", "stripe_pid": ""}}, {"model": "checkout.order", "pk": 23, "fields": {"order_number": "CE876069AD414F008E2E34321944567F", "user_profile": null, "full_name": "Cecil Giblet", "email": "cecil@giblet.com", "phone_number": "07745 666789", "collection_location": 1, "date": "2021-09-13T10:54:28.126Z", "order_total": "2.00", "original_bag": "", "stripe_pid": ""}}, {"model": "checkout.order", "pk": 24, "fields": {"order_number": "FD612416C228430F9EE1627E8C563A8D", "user_profile": null, "full_name": "Cecil Giblet", "email": "cecil@giblet.com", "phone_number": "07745 666789", "collection_location": 1, "date": "2021-09-13T10:56:50.047Z", "order_total": "2.00", "original_bag": "", "stripe_pid": ""}}, {"model": "checkout.order", "pk": 25, "fields": {"order_number": "28AD669DD2234C48A9A44996BAE1598E", "user_profile": null, "full_name": "Cecil Giblet", "email": "cecil@giblet.com", "phone_number": "07745 666789", "collection_location": 1, "date": "2021-09-13T11:01:38.098Z", "order_total": "4.00", "original_bag": "", "stripe_pid": ""}}, {"model": "checkout.order", "pk": 26, "fields": {"order_number": "8A98258C83AC4BCFAA73CDC75CA5BFB3", "user_profile": null, "full_name": "Cecil Giblet", "email": "cecil@giblet.com", "phone_number": "07745 666789", "collection_location": 1, "date": "2021-09-13T11:05:12.073Z", "order_total": "2.00", "original_bag": "", "stripe_pid": ""}}, {"model": "checkout.order", "pk": 27, "fields": {"order_number": "F3B45ACFFB8C4F8187041212D864C7CD", "user_profile": null, "full_name": "Cecil Giblet", "email": "cecil@giblet.com", "phone_number": "07745 666789", "collection_location": 1, "date": "2021-09-13T11:10:54.434Z", "order_total": "5.00", "original_bag": "", "stripe_pid": ""}}, {"model": "checkout.order", "pk": 28, "fields": {"order_number": "BD52770F60BB461694071B61B0E846FF", "user_profile": null, "full_name": "Cecil Giblet", "email": "cecil@giblet.com", "phone_number": "07745 666789", "collection_location": 1, "date": "2021-09-13T11:12:10.550Z", "order_total": "4.00", "original_bag": "", "stripe_pid": ""}}, {"model": "checkout.order", "pk": 29, "fields": {"order_number": "0E6E9CB63DEE4A1D9BC286716DABFF9F", "user_profile": null, "full_name": "Cecil Giblet", "email": "cecil@giblet.com", "phone_number": "07745 666789", "collection_location": 1, "date": "2021-09-13T11:14:51.239Z", "order_total": "2.00", "original_bag": "", "stripe_pid": ""}}, {"model": "checkout.order", "pk": 30, "fields": {"order_number": "D782DC9869BE4A89BE3C5CE8A21C2C62", "user_profile": null, "full_name": "Cecil Giblet", "email": "cecil@giblet.com", "phone_number": "07745 666789", "collection_location": 1, "date": "2021-09-13T11:15:28.210Z", "order_total": "2.00", "original_bag": "", "stripe_pid": ""}}, {"model": "checkout.order", "pk": 31, "fields": {"order_number": "4383AD0F64DA4FD7BC5FAD83D53746E3", "user_profile": null, "full_name": "Cecil Giblet", "email": "cecil@giblet.com", "phone_number": "07745 666789", "collection_location": 1, "date": "2021-09-13T11:21:24.224Z", "order_total": "2.50", "original_bag": "", "stripe_pid": ""}}, {"model": "checkout.order", "pk": 32, "fields": {"order_number": "B32E6DFE89434E4397FC055F197A0B2D", "user_profile": null, "full_name": "Cecil Giblet", "email": "cecil@giblet.com", "phone_number": "07745 666789", "collection_location": 1, "date": "2021-09-13T11:25:57.194Z", "order_total": "2.50", "original_bag": "", "stripe_pid": ""}}, {"model": "checkout.order", "pk": 33, "fields": {"order_number": "F979DEBCF2FB465C9E66D662A99B4297", "user_profile": null, "full_name": "Cecil Giblet", "email": "test@test.com", "phone_number": "07745 666789", "collection_location": 1, "date": "2021-09-13T11:27:43.769Z", "order_total": "2.50", "original_bag": "", "stripe_pid": ""}}, {"model": "checkout.order", "pk": 34, "fields": {"order_number": "719F73448D7D4465B6662837A12740CD", "user_profile": null, "full_name": "Cecil Giblet", "email": "cecil@giblet.com", "phone_number": "07745 666789", "collection_location": 1, "date": "2021-09-13T13:17:12.001Z", "order_total": "3.00", "original_bag": "", "stripe_pid": ""}}, {"model": "checkout.order", "pk": 35, "fields": {"order_number": "C7AC0C0B26E143B5A82AE33B3B8FD19C", "user_profile": null, "full_name": "Cecil Giblet", "email": "cecil@giblet.com", "phone_number": "07745 666789", "collection_location": 1, "date": "2021-09-13T13:55:55.365Z", "order_total": "3.00", "original_bag": "", "stripe_pid": ""}}, {"model": "checkout.order", "pk": 36, "fields": {"order_number": "9148CA21765E490191B69C16082842DE", "user_profile": null, "full_name": "Cecil Giblet", "email": "test@test.com", "phone_number": "07745 666789", "collection_location": 1, "date": "2021-09-13T13:59:20.471Z", "order_total": "5.00", "original_bag": "", "stripe_pid": ""}}, {"model": "checkout.order", "pk": 37, "fields": {"order_number": "4725DD44D6D64ADB953D6C34F4B9A86A", "user_profile": null, "full_name": "Cecil Giblet", "email": "cecil@giblet.com", "phone_number": "07745 666789", "collection_location": 2, "date": "2021-09-13T14:00:19.109Z", "order_total": "3.00", "original_bag": "", "stripe_pid": ""}}, {"model": "checkout.order", "pk": 38, "fields": {"order_number": "0EB82EEBE7A846ACBB90A9C4151F7C89", "user_profile": null, "full_name": "Cecil Giblet", "email": "test@test.com", "phone_number": "07745 666789", "collection_location": 1, "date": "2021-09-13T14:01:37.368Z", "order_total": "2.50", "original_bag": "", "stripe_pid": ""}}, {"model": "checkout.order", "pk": 39, "fields": {"order_number": "B936D1EFBAEA4B8BBDEEF91E82FCC102", "user_profile": null, "full_name": "Cecil Giblet", "email": "cecil@giblet.com", "phone_number": "07745 666789", "collection_location": 1, "date": "2021-09-13T14:03:37.441Z", "order_total": "2.50", "original_bag": "", "stripe_pid": ""}}, {"model": "checkout.order", "pk": 40, "fields": {"order_number": "A049301453D44B72AAD7C994DDA2BAC8", "user_profile": null, "full_name": "Cecil Giblet", "email": "cecil@giblet.com", "phone_number": "07735", "collection_location": 1, "date": "2021-09-13T14:07:35.977Z", "order_total": "2.50", "original_bag": "", "stripe_pid": ""}}, {"model": "checkout.order", "pk": 41, "fields": {"order_number": "5A400C02A3AA45D7A9533FE8E67B9ACE", "user_profile": null, "full_name": "Cecil Giblet", "email": "cecil@giblet.com", "phone_number": "07745 666789", "collection_location": 1, "date": "2021-09-13T14:12:50.906Z", "order_total": "2.00", "original_bag": "", "stripe_pid": ""}}, {"model": "checkout.order", "pk": 42, "fields": {"order_number": "FBF070FD9A584CA9B53625A16F2CC070", "user_profile": null, "full_name": "Cecil Giblet", "email": "cecil@giblet.com", "phone_number": "07735 7898787", "collection_location": 1, "date": "2021-09-13T14:16:10.987Z", "order_total": "3.50", "original_bag": "", "stripe_pid": ""}}, {"model": "checkout.order", "pk": 43, "fields": {"order_number": "2EDCE80FAE99421A8D63297295121F48", "user_profile": null, "full_name": "Cecil Giblet", "email": "cecil@giblet.com", "phone_number": "07745 666789", "collection_location": 1, "date": "2021-09-13T14:17:41.823Z", "order_total": "2.50", "original_bag": "", "stripe_pid": ""}}, {"model": "checkout.order", "pk": 44, "fields": {"order_number": "F112F3006B524CEDB8B2286D3CDFB344", "user_profile": null, "full_name": "Cecil Giblet", "email": "cecil@giblet.com", "phone_number": "07735 7898787", "collection_location": 2, "date": "2021-09-13T14:19:11.666Z", "order_total": "2.50", "original_bag": "", "stripe_pid": ""}}, {"model": "checkout.order", "pk": 45, "fields": {"order_number": "E3B0BF82B31F4864A815752B554A4C80", "user_profile": null, "full_name": "Cecil Giblet", "email": "cecil@giblet.com", "phone_number": "07745 666789", "collection_location": 1, "date": "2021-09-13T14:21:45.305Z", "order_total": "4.00", "original_bag": "", "stripe_pid": ""}}, {"model": "checkout.order", "pk": 46, "fields": {"order_number": "069483B063584524A7E5CFA83FD5B73D", "user_profile": null, "full_name": "Cecil Giblet", "email": "cecil@giblet.com", "phone_number": "07745 666789", "collection_location": 1, "date": "2021-09-13T14:27:59.251Z", "order_total": "2.50", "original_bag": "", "stripe_pid": ""}}, {"model": "checkout.order", "pk": 47, "fields": {"order_number": "5A2A2412078E4B3EA9E8083AB34C25FB", "user_profile": null, "full_name": "Cecil Giblet", "email": "cecil@giblet.com", "phone_number": "07735 7898787", "collection_location": 1, "date": "2021-09-13T14:33:30.299Z", "order_total": "3.00", "original_bag": "", "stripe_pid": ""}}, {"model": "checkout.order", "pk": 48, "fields": {"order_number": "19C9C25170B2478CBEBC833EAF8F80D5", "user_profile": null, "full_name": "Cecil Giblet", "email": "cecil@giblet.com", "phone_number": "07735 7898787", "collection_location": 1, "date": "2021-09-13T14:34:56.314Z", "order_total": "3.00", "original_bag": "", "stripe_pid": ""}}, {"model": "checkout.order", "pk": 49, "fields": {"order_number": "0EB9758A74504E6BAE0354597563666B", "user_profile": null, "full_name": "Cecil Giblet", "email": "cecil@giblet.com", "phone_number": "07745 666789", "collection_location": 1, "date": "2021-09-13T14:36:55.616Z", "order_total": "3.00", "original_bag": "", "stripe_pid": ""}}, {"model": "checkout.order", "pk": 50, "fields": {"order_number": "66DCE6C5039B4D9CB6CBF10ED0A9AC92", "user_profile": null, "full_name": "Cecil Giblet", "email": "cecil@giblet.com", "phone_number": "07745 666789", "collection_location": 1, "date": "2021-09-13T14:41:36.644Z", "order_total": "3.00", "original_bag": "", "stripe_pid": ""}}, {"model": "checkout.order", "pk": 51, "fields": {"order_number": "BCFDFB98673D4C8D970A92FD198C856B", "user_profile": null, "full_name": "Cecil Giblet", "email": "cecil@giblet.com", "phone_number": "07745 666789", "collection_location": 1, "date": "2021-09-13T14:42:55.862Z", "order_total": "3.50", "original_bag": "", "stripe_pid": ""}}, {"model": "checkout.order", "pk": 52, "fields": {"order_number": "4918E4C036C24079AF59E4250CCCF636", "user_profile": null, "full_name": "Cecil Giblet", "email": "cecil@giblet.com", "phone_number": "07735 7898787", "collection_location": 1, "date": "2021-09-13T14:46:01.206Z", "order_total": "3.00", "original_bag": "", "stripe_pid": ""}}, {"model": "checkout.order", "pk": 53, "fields": {"order_number": "CBE330DB9C2143559FAF99BA6E23D0B2", "user_profile": null, "full_name": "Cecil Giblet", "email": "cecil@giblet.com", "phone_number": "07745 666789", "collection_location": 1, "date": "2021-09-13T14:51:42.218Z", "order_total": "2.00", "original_bag": "", "stripe_pid": ""}}, {"model": "checkout.order", "pk": 54, "fields": {"order_number": "EF603C659BA24A519B3AF847AC40EA02", "user_profile": null, "full_name": "test", "email": "cecil@giblet.com", "phone_number": "07745 666789", "collection_location": 1, "date": "2021-09-13T14:53:21.162Z", "order_total": "2.00", "original_bag": "", "stripe_pid": ""}}, {"model": "checkout.order", "pk": 55, "fields": {"order_number": "091D768F9F644658848855E706DD573C", "user_profile": null, "full_name": "Cecil Giblet", "email": "cecil@giblet.com", "phone_number": "07745 666789", "collection_location": 1, "date": "2021-09-13T14:57:00.309Z", "order_total": "3.00", "original_bag": "", "stripe_pid": ""}}, {"model": "checkout.order", "pk": 56, "fields": {"order_number": "095C007A59E741E2B8167C450237C2A1", "user_profile": null, "full_name": "Cecil Giblet", "email": "cecil@giblet.com", "phone_number": "07745 666789", "collection_location": 1, "date": "2021-09-13T15:02:01.285Z", "order_total": "2.50", "original_bag": "", "stripe_pid": ""}}, {"model": "checkout.order", "pk": 57, "fields": {"order_number": "F6914D6302744C6893A38F746B058877", "user_profile": null, "full_name": "Cecil Giblet", "email": "test@test.com", "phone_number": "07745 666789", "collection_location": 1, "date": "2021-09-13T15:04:20.103Z", "order_total": "4.00", "original_bag": "", "stripe_pid": ""}}, {"model": "checkout.order", "pk": 58, "fields": {"order_number": "F0A632AB6F654CC8BD132A2B6A71510A", "user_profile": null, "full_name": "Cecil Giblet", "email": "cecil@giblet.com", "phone_number": "07745 666789", "collection_location": 1, "date": "2021-09-13T15:07:19.997Z", "order_total": "2.00", "original_bag": "", "stripe_pid": ""}}, {"model": "checkout.order", "pk": 59, "fields": {"order_number": "753B6B633D45451A95F240D3D091C3D6", "user_profile": null, "full_name": "Cecil Giblet", "email": "cecil@giblet.com", "phone_number": "07745 666789", "collection_location": 1, "date": "2021-09-13T15:09:40.148Z", "order_total": "3.00", "original_bag": "", "stripe_pid": ""}}, {"model": "checkout.order", "pk": 60, "fields": {"order_number": "8F4010861A0B42EEA87876985BB6C152", "user_profile": null, "full_name": "Location", "email": "cecil@giblet.com", "phone_number": "07745 666789", "collection_location": 1, "date": "2021-09-13T15:11:15.713Z", "order_total": "2.00", "original_bag": "", "stripe_pid": ""}}, {"model": "checkout.order", "pk": 61, "fields": {"order_number": "3C5E29B7A4EF43C4B9373EE911FEC81B", "user_profile": null, "full_name": "Cecil Giblet", "email": "cecil@giblet.com", "phone_number": "07745 666789", "collection_location": 1, "date": "2021-09-13T15:15:29.237Z", "order_total": "2.00", "original_bag": "", "stripe_pid": ""}}, {"model": "checkout.order", "pk": 62, "fields": {"order_number": "615B573CBA964CD182FAB55F47E4627A", "user_profile": null, "full_name": "Cecil Giblet", "email": "cecil@giblet.com", "phone_number": "07745 666789", "collection_location": 1, "date": "2021-09-13T15:22:44.773Z", "order_total": "2.00", "original_bag": "{\"8\": {\"items_by_size\": {\"regular\": 1}}}", "stripe_pid": "pi_3JZGzEBD8gNnPvi418caMbpp"}}, {"model": "checkout.order", "pk": 63, "fields": {"order_number": "E2776FDEBC5A4FAF8BA801E74A91ADB5", "user_profile": null, "full_name": "Cecil Giblet", "email": "cecil@giblet.com", "phone_number": "07745 666789", "collection_location": 1, "date": "2021-09-13T15:29:33.935Z", "order_total": "3.00", "original_bag": "{\"16\": {\"items_by_size\": {\"regular\": 1}}}", "stripe_pid": "pi_3JZH5rBD8gNnPvi40lawWzqI"}}, {"model": "checkout.order", "pk": 64, "fields": {"order_number": "7DC01046AA0245D09F85EC93EE058E10", "user_profile": null, "full_name": "Cecil Giblet", "email": "Tick@tock.com", "phone_number": "07745 666789", "collection_location": 1, "date": "2021-09-13T15:31:02.652Z", "order_total": "2.00", "original_bag": "{\"8\": {\"items_by_size\": {\"regular\": 1}}}", "stripe_pid": "pi_3JZH7ABD8gNnPvi41b3nT26A"}}, {"model": "checkout.order", "pk": 65, "fields": {"order_number": "FFD89C23D637489689B0358B04AB2913", "user_profile": null, "full_name": "test", "email": "Tick@tock.com", "phone_number": "07745 666789", "collection_location": 2, "date": "2021-09-13T15:32:06.489Z", "order_total": "2.50", "original_bag": "{\"3\": {\"items_by_size\": {\"regular\": 1}}}", "stripe_pid": "pi_3JZH8GBD8gNnPvi41T1Hj9ou"}}, {"model": "checkout.order", "pk": 66, "fields": {"order_number": "800880BDE8ED4277BA4E736F94BD8E0A", "user_profile": null, "full_name": "test", "email": "test@testy.com", "phone_number": "07735 7898787", "collection_location": 1, "date": "2021-09-13T15:34:14.716Z", "order_total": "4.50", "original_bag": "{\"1\": {\"items_by_size\": {\"regular\": 3}}}", "stripe_pid": "pi_3JZHAKBD8gNnPvi41rUARAD0"}}, {"model": "checkout.order", "pk": 67, "fields": {"order_number": "D761F3740FD24E30AB125EE87B6CCAC1", "user_profile": null, "full_name": "test", "email": "test@testy.com", "phone_number": "07735 7898787", "collection_location": 1, "date": "2021-09-13T15:36:16.803Z", "order_total": "2.50", "original_bag": "{\"3\": {\"items_by_size\": {\"regular\": 1}}}", "stripe_pid": "pi_3JZHCGBD8gNnPvi40qAmCEgE"}}, {"model": "checkout.order", "pk": 68, "fields": {"order_number": "82F798848D6A451FAE21D3E51962C206", "user_profile": null, "full_name": "Cecil Giblet", "email": "cecil@giblet.com", "phone_number": "07745 666789", "collection_location": 1, "date": "2021-09-13T21:25:17.348Z", "order_total": "2.50", "original_bag": "{\"3\": {\"items_by_size\": {\"regular\": 1}}}", "stripe_pid": "pi_3JZMe6BD8gNnPvi40x79Vh4X"}}, {"model": "checkout.order", "pk": 69, "fields": {"order_number": "A95E6C0D25BD477BB10AFE58811020AB", "user_profile": null, "full_name": "Cecil Giblet", "email": "cecil@giblet.com", "phone_number": "07745 666789", "collection_location": 1, "date": "2021-09-13T21:29:56.633Z", "order_total": "3.00", "original_bag": "{\"11\": {\"items_by_size\": {\"regular\": 1}}}", "stripe_pid": "pi_3JZMiVBD8gNnPvi41tdSUw2Q"}}, {"model": "checkout.order", "pk": 70, "fields": {"order_number": "8A890EFAB223487AA445F07B2B2E8119", "user_profile": null, "full_name": "Cecil Giblet", "email": "cecil@giblet.com", "phone_number": "07735 7898787", "collection_location": 1, "date": "2021-09-13T21:33:15.725Z", "order_total": "3.50", "original_bag": "{\"19\": {\"items_by_size\": {\"regular\": 1}}}", "stripe_pid": "pi_3JZMloBD8gNnPvi41i3R8y6W"}}, {"model": "checkout.order", "pk": 71, "fields": {"order_number": "FA7FEECF3F4644AAADDF122406471392", "user_profile": null, "full_name": "Cecil Giblet", "email": "cecil@giblet.com", "phone_number": "07745 666789", "collection_location": 1, "date": "2021-09-13T21:35:14.835Z", "order_total": "2.00", "original_bag": "{\"8\": {\"items_by_size\": {\"regular\": 1}}}", "stripe_pid": "pi_3JZMngBD8gNnPvi41yYRmlNY"}}, {"model": "checkout.order", "pk": 72, "fields": {"order_number": "0D4C92EDAC284C19BC9B9D1AA165698F", "user_profile": null, "full_name": "Cecil Giblet", "email": "cecil@giblet.com", "phone_number": "07735 7898787", "collection_location": 1, "date": "2021-09-13T21:36:07.681Z", "order_total": "3.00", "original_bag": "{\"14\": {\"items_by_size\": {\"regular\": 1}}}", "stripe_pid": "pi_3JZMoZBD8gNnPvi40P2dFtIl"}}, {"model": "checkout.order", "pk": 73, "fields": {"order_number": "3F02E0F32C23498DA748BE70BCA21634", "user_profile": null, "full_name": "Cecil Giblet", "email": "cecil@giblet.com", "phone_number": "07745 666789", "collection_location": 1, "date": "2021-09-13T21:40:40.527Z", "order_total": "4.00", "original_bag": "{\"13\": {\"items_by_size\": {\"regular\": 1}}}", "stripe_pid": "pi_3JZMszBD8gNnPvi417Qy8TaS"}}, {"model": "checkout.order", "pk": 74, "fields": {"order_number": "FED41176A6974AC1A8FCA59AE283435A", "user_profile": null, "full_name": "Location", "email": "cecil@giblet.com", "phone_number": "07745 666789", "collection_location": 1, "date": "2021-09-13T21:47:51.584Z", "order_total": "3.00", "original_bag": "{\"15\": {\"items_by_size\": {\"regular\": 1}}}", "stripe_pid": "pi_3JZMzsBD8gNnPvi41NhcDRYQ"}}, {"model": "checkout.order", "pk": 75, "fields": {"order_number": "5D9F59B82D294CD491C20105B7D75C05", "user_profile": null, "full_name": "Cecil Giblet", "email": "cecil@giblet.com", "phone_number": "07745 666789", "collection_location": 1, "date": "2021-09-13T21:50:51.021Z", "order_total": "3.00", "original_bag": "{\"11\": {\"items_by_size\": {\"regular\": 1}}}", "stripe_pid": "pi_3JZN2pBD8gNnPvi40Nh6vGm1"}}, {"model": "checkout.order", "pk": 76, "fields": {"order_number": "8845D357723A4877AB0F0648C5736E8D", "user_profile": null, "full_name": "Cecil Giblet", "email": "cecil@giblet.com", "phone_number": "07745 666789", "collection_location": 1, "date": "2021-09-13T21:57:59.167Z", "order_total": "3.00", "original_bag": "{\"16\": {\"items_by_size\": {\"regular\": 1}}}", "stripe_pid": "pi_3JZN9WBD8gNnPvi41OlM8Vst"}}, {"model": "checkout.order", "pk": 77, "fields": {"order_number": "FEC8067D25F447F283B1B2D14A7E2046", "user_profile": null, "full_name": "Cecil Giblet", "email": "cecil@giblet.com", "phone_number": "07745 666789", "collection_location": 1, "date": "2021-09-13T21:59:13.188Z", "order_total": "2.00", "original_bag": "{\"18\": 1}", "stripe_pid": "pi_3JZNAuBD8gNnPvi41sk6IwSh"}}, {"model": "checkout.order", "pk": 78, "fields": {"order_number": "95C414853D234D708C09AA3032871235", "user_profile": null, "full_name": "Location", "email": "cecil@giblet.com", "phone_number": "07745 666789", "collection_location": 1, "date": "2021-09-13T22:04:06.857Z", "order_total": "4.00", "original_bag": "{\"13\": {\"items_by_size\": {\"regular\": 1}}}", "stripe_pid": "pi_3JZNF7BD8gNnPvi41RIkh3TJ"}}, {"model": "checkout.order", "pk": 79, "fields": {"order_number": "045CCBCA17C24D8C8CAB63DCDCC80360", "user_profile": null, "full_name": "Cecil Giblet", "email": "cecil@giblet.com", "phone_number": "07745 666789", "collection_location": 1, "date": "2021-09-13T22:06:55.859Z", "order_total": "2.00", "original_bag": "{\"4\": {\"items_by_size\": {\"regular\": 1}}}", "stripe_pid": "pi_3JZNIDBD8gNnPvi41UPJFFLV"}}, {"model": "checkout.order", "pk": 80, "fields": {"order_number": "BDE1E9837A554342A4E59A2BFC64BFAF", "user_profile": null, "full_name": "Cecil Giblet", "email": "cecil@giblet.com", "phone_number": "07745 666789", "collection_location": 2, "date": "2021-09-13T22:08:40.116Z", "order_total": "3.50", "original_bag": "{\"19\": {\"items_by_size\": {\"regular\": 1}}}", "stripe_pid": "pi_3JZNJzBD8gNnPvi41hm5Dhcw"}}, {"model": "checkout.order", "pk": 81, "fields": {"order_number": "7DC242D3A7E249D29D59FFFB4145412D", "user_profile": null, "full_name": "Location", "email": "cecil@giblet.com", "phone_number": "07735 7898787", "collection_location": 2, "date": "2021-09-13T22:13:03.064Z", "order_total": "4.00", "original_bag": "{\"13\": {\"items_by_size\": {\"regular\": 1}}}", "stripe_pid": "pi_3JZNOGBD8gNnPvi41VU1W7Se"}}, {"model": "checkout.order", "pk": 82, "fields": {"order_number": "5D44EC3639764FDDBA2D41BE62ECFEE9", "user_profile": null, "full_name": "Cecil Giblet", "email": "cecil@giblet.com", "phone_number": "07735 7898787", "collection_location": 2, "date": "2021-09-13T22:15:01.803Z", "order_total": "1.50", "original_bag": "{\"1\": {\"items_by_size\": {\"regular\": 1}}}", "stripe_pid": "pi_3JZNQEBD8gNnPvi41H8UnE8T"}}, {"model": "checkout.order", "pk": 83, "fields": {"order_number": "C02547CE0F444FFEB7B1B665685FC670", "user_profile": null, "full_name": "Cecil Giblet", "email": "cecil@giblet.com", "phone_number": "07735 7898787", "collection_location": 1, "date": "2021-09-13T23:32:06.146Z", "order_total": "2.50", "original_bag": "{\"3\": {\"items_by_size\": {\"regular\": 1}}}", "stripe_pid": "pi_3JZOchBD8gNnPvi40QilF5ZM"}}, {"model": "checkout.order", "pk": 84, "fields": {"order_number": "B5559501B86443F481B21216D5F8E0EA", "user_profile": null, "full_name": "test", "email": "test@test.com", "phone_number": "1234", "collection_location": 2, "date": "2021-09-13T23:33:33.991Z", "order_total": "2.50", "original_bag": "{\"3\": {\"items_by_size\": {\"regular\": 1}}}", "stripe_pid": "pi_3JZOe5BD8gNnPvi41OJcyiuO"}}, {"model": "checkout.order", "pk": 85, "fields": {"order_number": "8D553439217244B094179E61998EDBDE", "user_profile": null, "full_name": "Cecil Giblet", "email": "cecil@giblet.com", "phone_number": "07735 7898787", "collection_location": 1, "date": "2021-09-14T09:01:42.898Z", "order_total": "2.50", "original_bag": "{\"3\": {\"items_by_size\": {\"regular\": 1}}}", "stripe_pid": "pi_3JZXW0BD8gNnPvi41axLXLRJ"}}, {"model": "checkout.order", "pk": 86, "fields": {"order_number": "5EACF65C04B240EAB870A05BD132F4BB", "user_profile": 2, "full_name": "Cecil Giblet", "email": "cecil@giblet.com", "phone_number": "07735 7898787", "collection_location": 1, "date": "2021-09-16T07:42:56.864Z", "order_total": "2.50", "original_bag": "{\"2\": {\"items_by_size\": {\"regular\": 1}}}", "stripe_pid": "pi_3JaFEpBD8gNnPvi41Foy7PJl"}}, {"model": "checkout.order", "pk": 87, "fields": {"order_number": "D80B4B77B6E449AEB46D31B68FD4EFBC", "user_profile": 2, "full_name": "Cecil Giblet the 3rd", "email": "cecil@giblet.com", "phone_number": "07735 7898787", "collection_location": 1, "date": "2021-09-16T07:49:02.309Z", "order_total": "13.50", "original_bag": "{\"4\": {\"items_by_size\": {\"regular\": 2}}, \"9\": 1, \"19\": {\"items_by_size\": {\"large\": 1}}, \"3\": {\"items_by_size\": {\"regular\": 1, \"large\": 1}}}", "stripe_pid": "pi_3JaFKMBD8gNnPvi41IemDu1V"}}, {"model": "checkout.order", "pk": 88, "fields": {"order_number": "2126516B03E64CFE971A18CAD2D6FC8C", "user_profile": 2, "full_name": "Cecil Giblet", "email": "cecil@giblet.com", "phone_number": "07735 7898787", "collection_location": 2, "date": "2021-09-16T18:37:42.495Z", "order_total": "2.50", "original_bag": "{\"3\": {\"items_by_size\": {\"regular\": 1}}}", "stripe_pid": "pi_3JaPRoBD8gNnPvi41V6ehHBd"}}, {"model": "checkout.order", "pk": 89, "fields": {"order_number": "7313750080174C47A6D9E2C09C0D5AAF", "user_profile": null, "full_name": "test", "email": "test@testy.com", "phone_number": "12334", "collection_location": 1, "date": "2021-09-16T18:39:41.809Z", "order_total": "2.50", "original_bag": "{\"3\": {\"items_by_size\": {\"regular\": 1}}}", "stripe_pid": "pi_3JaPUHBD8gNnPvi41AgLwbwj"}}, {"model": "checkout.order", "pk": 90, "fields": {"order_number": "F00A5F61F1BA4B6CB892595870FB9DDD", "user_profile": null, "full_name": "test", "email": "test@test.com", "phone_number": "07735 7898787", "collection_location": 1, "date": "2021-09-16T18:54:04.214Z", "order_total": "2.50", "original_bag": "{\"3\": {\"items_by_size\": {\"regular\": 1}}}", "stripe_pid": "pi_3JaPiNBD8gNnPvi40p9S05xg"}}, {"model": "checkout.order", "pk": 91, "fields": {"order_number": "C3935BC070F04938BC0DE12446202C2A", "user_profile": null, "full_name": "test", "email": "test@test.com", "phone_number": "07735 7898787", "collection_location": 1, "date": "2021-09-16T18:58:11.479Z", "order_total": "2.50", "original_bag": "{\"3\": {\"items_by_size\": {\"regular\": 1}}}", "stripe_pid": "pi_3JaPmRBD8gNnPvi408m0f7p0"}}, {"model": "checkout.order", "pk": 92, "fields": {"order_number": "9750C6E1CA5C49C38EB0F9F58FA43AE0", "user_profile": null, "full_name": "Cecil Giblet", "email": "cecil@giblet.com", "phone_number": "07735 7898787", "collection_location": 1, "date": "2021-09-16T19:00:36.849Z", "order_total": "2.50", "original_bag": "{\"3\": {\"items_by_size\": {\"regular\": 1}}}", "stripe_pid": "pi_3JaPobBD8gNnPvi413WjX1yi"}}, {"model": "checkout.order", "pk": 93, "fields": {"order_number": "C6FDC7314C774C77813A474F949CCDAA", "user_profile": null, "full_name": "Cecil Giblet", "email": "cecil@giblet.com", "phone_number": "07735 7898787", "collection_location": 1, "date": "2021-09-16T19:01:30.198Z", "order_total": "2.50", "original_bag": "{\"3\": {\"items_by_size\": {\"regular\": 1}}}", "stripe_pid": "pi_3JaPpaBD8gNnPvi41d2RSLrO"}}, {"model": "checkout.order", "pk": 94, "fields": {"order_number": "9DC8CB2613DB4B85B26C2DFB5B5D3CFE", "user_profile": null, "full_name": "Cecil Giblet", "email": "cecil@giblet.com", "phone_number": "07735 7898787", "collection_location": 1, "date": "2021-09-16T19:03:22.934Z", "order_total": "2.50", "original_bag": "{\"3\": {\"items_by_size\": {\"regular\": 1}}}", "stripe_pid": "pi_3JaPrOBD8gNnPvi41VYv8XhB"}}, {"model": "checkout.order", "pk": 95, "fields": {"order_number": "32674A5D819249D3BF18F24C23ECD997", "user_profile": 1, "full_name": "Andrew BB", "email": "andrew@B.co.uk", "phone_number": "01234 56789", "collection_location": 1, "date": "2021-09-16T19:10:21.985Z", "order_total": "2.50", "original_bag": "{\"3\": {\"items_by_size\": {\"regular\": 1}}}", "stripe_pid": "pi_3JaPy4BD8gNnPvi41nBcN0SE"}}, {"model": "checkout.order", "pk": 96, "fields": {"order_number": "E59AF352BBD94A0EAE3FB62FBAC0EABD", "user_profile": null, "full_name": "Cecil Giblet", "email": "cecil@giblet.com", "phone_number": "07735 7898787", "collection_location": 1, "date": "2021-09-16T20:01:08.624Z", "order_total": "2.00", "original_bag": "{\"4\": {\"items_by_size\": {\"regular\": 1}}}", "stripe_pid": "pi_3JaQlIBD8gNnPvi40HO3ybkk"}}, {"model": "checkout.order", "pk": 97, "fields": {"order_number": "46540C9ABE4944FDB330DB1777C00AC5", "user_profile": null, "full_name": "Andrew BB", "email": "Andrew@dowme.com", "phone_number": "07745 666789", "collection_location": 1, "date": "2021-09-16T20:03:43.890Z", "order_total": "2.50", "original_bag": "{\"2\": {\"items_by_size\": {\"regular\": 1}}}", "stripe_pid": "pi_3JaQnjBD8gNnPvi41FJWKvZ6"}}, {"model": "checkout.order", "pk": 98, "fields": {"order_number": "876491E1221A44BFA25216A13BEB77D1", "user_profile": null, "full_name": "Cecil Giblet", "email": "cecil@giblet.com", "phone_number": "07735 7898787", "collection_location": 1, "date": "2021-09-17T07:40:34.787Z", "order_total": "2.50", "original_bag": "{\"3\": {\"items_by_size\": {\"regular\": 1}}}", "stripe_pid": "pi_3Jabg0BD8gNnPvi40Lk4vjf5"}}, {"model": "checkout.order", "pk": 99, "fields": {"order_number": "BF00B7E9A3C24A91922CC74B455F41E3", "user_profile": 1, "full_name": "Andrew B the 3rd", "email": "andrew@B.co.uk", "phone_number": "01234 56789", "collection_location": 1, "date": "2021-09-17T08:03:42.596Z", "order_total": "5.00", "original_bag": "{\"3\": {\"items_by_size\": {\"regular\": 2}}}", "stripe_pid": "pi_3Jac2CBD8gNnPvi41NmZAA8E"}}, {"model": "checkout.order", "pk": 100, "fields": {"order_number": "2BDD0EEFB099430BA267498EE7F408D8", "user_profile": 1, "full_name": "Andrew B the 3rd", "email": "andrew@B.co.uk", "phone_number": "01234 56789", "collection_location": 1, "date": "2021-09-17T08:20:40.130Z", "order_total": "5.00", "original_bag": "{\"3\": {\"items_by_size\": {\"regular\": 2}}}", "stripe_pid": "pi_3JacIsBD8gNnPvi400DKRHQo"}}, {"model": "checkout.order", "pk": 101, "fields": {"order_number": "DE5ACE354C30416587DF518EA3DEE831", "user_profile": 1, "full_name": "Andrew B the 3rd", "email": "andrew@B.co.uk", "phone_number": "01234 56789", "collection_location": 1, "date": "2021-09-17T08:26:31.926Z", "order_total": "5.00", "original_bag": "{\"3\": {\"items_by_size\": {\"regular\": 2}}}", "stripe_pid": "pi_3JacOeBD8gNnPvi41QGhcMDa"}}, {"model": "checkout.order", "pk": 102, "fields": {"order_number": "027DBE11BBEE42C9AC5F6605C7747137", "user_profile": 1, "full_name": "Andrew B the 3rd", "email": "andrew@B.co.uk", "phone_number": "01234 56789", "collection_location": 1, "date": "2021-09-17T08:28:18.356Z", "order_total": "5.00", "original_bag": "{\"3\": {\"items_by_size\": {\"regular\": 2}}}", "stripe_pid": "pi_3JacQKBD8gNnPvi40ylHAW5P"}}, {"model": "checkout.order", "pk": 103, "fields": {"order_number": "73D195F46707468DA41CE8D0CDB1CD3D", "user_profile": 1, "full_name": "Andrew B the 3rd", "email": "andrew@B.co.uk", "phone_number": "01234 56789", "collection_location": 1, "date": "2021-09-17T08:39:44.360Z", "order_total": "5.00", "original_bag": "{\"3\": {\"items_by_size\": {\"regular\": 2}}}", "stripe_pid": "pi_3JacbLBD8gNnPvi40irBlYXC"}}, {"model": "checkout.order", "pk": 104, "fields": {"order_number": "B3038A22B058412190F19D48E48E93DB", "user_profile": 1, "full_name": "Andrew B the 4th", "email": "andrew@B.co.uk", "phone_number": "01234 56789", "collection_location": 1, "date": "2021-09-17T08:41:09.047Z", "order_total": "2.50", "original_bag": "{\"10\": {\"items_by_size\": {\"regular\": 1}}}", "stripe_pid": "pi_3JacccBD8gNnPvi402sKfT8E"}}, {"model": "checkout.order", "pk": 105, "fields": {"order_number": "29D3F4488FD54BF0AE075E951F405176", "user_profile": 1, "full_name": "Andrew B the 4th", "email": "andrew@B.co.uk", "phone_number": "01234 56789", "collection_location": 1, "date": "2021-09-17T09:19:23.821Z", "order_total": "2.50", "original_bag": "{\"10\": {\"items_by_size\": {\"regular\": 1}}}", "stripe_pid": "pi_3JadDpBD8gNnPvi41sB86OoH"}}, {"model": "checkout.order", "pk": 106, "fields": {"order_number": "4548A5E2193F43B698CC168527EC54BC", "user_profile": 1, "full_name": "Andrew B the 3rd", "email": "andrew@B.co.uk", "phone_number": "01234 56789", "collection_location": 1, "date": "2021-09-17T09:23:31.313Z", "order_total": "5.00", "original_bag": "{\"3\": {\"items_by_size\": {\"regular\": 2}}}", "stripe_pid": "pi_3JacMFBD8gNnPvi40pqLGCUk"}}, {"model": "checkout.order", "pk": 107, "fields": {"order_number": "2F1F4B0990384D799030DCB75D91D28F", "user_profile": 1, "full_name": "Andrew B the 3rd", "email": "andrew@B.co.uk", "phone_number": "01234 56789", "collection_location": 1, "date": "2021-09-17T09:23:57.025Z", "order_total": "5.00", "original_bag": "{\"3\": {\"items_by_size\": {\"regular\": 2}}}", "stripe_pid": "pi_3JacLRBD8gNnPvi414xZhVeO"}}, {"model": "checkout.order", "pk": 108, "fields": {"order_number": "206625E4A3AF4F80A441138859389D01", "user_profile": 1, "full_name": "Andrew B the 3rd", "email": "andrew@B.co.uk", "phone_number": "01234 56789", "collection_location": 1, "date": "2021-09-17T09:25:26.893Z", "order_total": "5.00", "original_bag": "{\"3\": {\"items_by_size\": {\"regular\": 2}}}", "stripe_pid": "pi_3JacNeBD8gNnPvi40dnkByjI"}}, {"model": "checkout.orderlineitem", "pk": 1, "fields": {"order": 3, "product": 3, "item_size": "regular", "quantity": 1, "lineitem_total": "2.50"}}, {"model": "checkout.orderlineitem", "pk": 2, "fields": {"order": 4, "product": 3, "item_size": "regular", "quantity": 1, "lineitem_total": "2.50"}}, {"model": "checkout.orderlineitem", "pk": 3, "fields": {"order": 4, "product": 3, "item_size": "large", "quantity": 2, "lineitem_total": "5.00"}}, {"model": "checkout.orderlineitem", "pk": 4, "fields": {"order": 5, "product": 3, "item_size": "regular", "quantity": 1, "lineitem_total": "2.50"}}, {"model": "checkout.orderlineitem", "pk": 5, "fields": {"order": 5, "product": 19, "item_size": "regular", "quantity": 1, "lineitem_total": "3.50"}}, {"model": "checkout.orderlineitem", "pk": 6, "fields": {"order": 5, "product": 18, "item_size": null, "quantity": 1, "lineitem_total": "2.00"}}, {"model": "checkout.orderlineitem", "pk": 7, "fields": {"order": 6, "product": 4, "item_size": "large", "quantity": 1, "lineitem_total": "2.00"}}, {"model": "checkout.orderlineitem", "pk": 8, "fields": {"order": 6, "product": 3, "item_size": "large", "quantity": 2, "lineitem_total": "5.00"}}, {"model": "checkout.orderlineitem", "pk": 9, "fields": {"order": 7, "product": 3, "item_size": "regular", "quantity": 1, "lineitem_total": "2.50"}}, {"model": "checkout.orderlineitem", "pk": 10, "fields": {"order": 8, "product": 4, "item_size": "regular", "quantity": 1, "lineitem_total": "2.00"}}, {"model": "checkout.orderlineitem", "pk": 11, "fields": {"order": 8, "product": 19, "item_size": "large", "quantity": 2, "lineitem_total": "7.00"}}, {"model": "checkout.orderlineitem", "pk": 12, "fields": {"order": 8, "product": 5, "item_size": null, "quantity": 1, "lineitem_total": "2.50"}}, {"model": "checkout.orderlineitem", "pk": 13, "fields": {"order": 8, "product": 10, "item_size": "regular", "quantity": 4, "lineitem_total": "10.00"}}, {"model": "checkout.orderlineitem", "pk": 14, "fields": {"order": 9, "product": 4, "item_size": "large", "quantity": 2, "lineitem_total": "4.00"}}, {"model": "checkout.orderlineitem", "pk": 15, "fields": {"order": 10, "product": 3, "item_size": "regular", "quantity": 1, "lineitem_total": "2.50"}}, {"model": "checkout.orderlineitem", "pk": 16, "fields": {"order": 11, "product": 18, "item_size": null, "quantity": 1, "lineitem_total": "2.00"}}, {"model": "checkout.orderlineitem", "pk": 17, "fields": {"order": 12, "product": 19, "item_size": "regular", "quantity": 1, "lineitem_total": "3.50"}}, {"model": "checkout.orderlineitem", "pk": 18, "fields": {"order": 13, "product": 13, "item_size": "regular", "quantity": 1, "lineitem_total": "4.00"}}, {"model": "checkout.orderlineitem", "pk": 19, "fields": {"order": 14, "product": 19, "item_size": "regular", "quantity": 1, "lineitem_total": "3.50"}}, {"model": "checkout.orderlineitem", "pk": 20, "fields": {"order": 15, "product": 19, "item_size": "regular", "quantity": 1, "lineitem_total": "3.50"}}, {"model": "checkout.orderlineitem", "pk": 21, "fields": {"order": 16, "product": 13, "item_size": "regular", "quantity": 1, "lineitem_total": "4.00"}}, {"model": "checkout.orderlineitem", "pk": 22, "fields": {"order": 17, "product": 19, "item_size": "regular", "quantity": 1, "lineitem_total": "3.50"}}, {"model": "checkout.orderlineitem", "pk": 23, "fields": {"order": 18, "product": 15, "item_size": "regular", "quantity": 1, "lineitem_total": "3.00"}}, {"model": "checkout.orderlineitem", "pk": 24, "fields": {"order": 19, "product": 16, "item_size": "regular", "quantity": 1, "lineitem_total": "3.00"}}, {"model": "checkout.orderlineitem", "pk": 25, "fields": {"order": 20, "product": 3, "item_size": "regular", "quantity": 1, "lineitem_total": "2.50"}}, {"model": "checkout.orderlineitem", "pk": 26, "fields": {"order": 21, "product": 6, "item_size": "regular", "quantity": 1, "lineitem_total": "2.00"}}, {"model": "checkout.orderlineitem", "pk": 27, "fields": {"order": 22, "product": 16, "item_size": "regular", "quantity": 1, "lineitem_total": "3.00"}}, {"model": "checkout.orderlineitem", "pk": 28, "fields": {"order": 23, "product": 4, "item_size": "regular", "quantity": 1, "lineitem_total": "2.00"}}, {"model": "checkout.orderlineitem", "pk": 29, "fields": {"order": 24, "product": 8, "item_size": "regular", "quantity": 1, "lineitem_total": "2.00"}}, {"model": "checkout.orderlineitem", "pk": 30, "fields": {"order": 25, "product": 13, "item_size": "regular", "quantity": 1, "lineitem_total": "4.00"}}, {"model": "checkout.orderlineitem", "pk": 31, "fields": {"order": 26, "product": 8, "item_size": "regular", "quantity": 1, "lineitem_total": "2.00"}}, {"model": "checkout.orderlineitem", "pk": 32, "fields": {"order": 27, "product": 3, "item_size": "regular", "quantity": 2, "lineitem_total": "5.00"}}, {"model": "checkout.orderlineitem", "pk": 33, "fields": {"order": 28, "product": 13, "item_size": "regular", "quantity": 1, "lineitem_total": "4.00"}}, {"model": "checkout.orderlineitem", "pk": 34, "fields": {"order": 29, "product": 8, "item_size": "regular", "quantity": 1, "lineitem_total": "2.00"}}, {"model": "checkout.orderlineitem", "pk": 35, "fields": {"order": 30, "product": 7, "item_size": "regular", "quantity": 1, "lineitem_total": "2.00"}}, {"model": "checkout.orderlineitem", "pk": 36, "fields": {"order": 31, "product": 3, "item_size": "regular", "quantity": 1, "lineitem_total": "2.50"}}, {"model": "checkout.orderlineitem", "pk": 37, "fields": {"order": 32, "product": 2, "item_size": "regular", "quantity": 1, "lineitem_total": "2.50"}}, {"model": "checkout.orderlineitem", "pk": 38, "fields": {"order": 33, "product": 2, "item_size": "regular", "quantity": 1, "lineitem_total": "2.50"}}, {"model": "checkout.orderlineitem", "pk": 39, "fields": {"order": 34, "product": 11, "item_size": "regular", "quantity": 1, "lineitem_total": "3.00"}}, {"model": "checkout.orderlineitem", "pk": 40, "fields": {"order": 35, "product": 16, "item_size": "regular", "quantity": 1, "lineitem_total": "3.00"}}, {"model": "checkout.orderlineitem", "pk": 41, "fields": {"order": 36, "product": 2, "item_size": "regular", "quantity": 2, "lineitem_total": "5.00"}}, {"model": "checkout.orderlineitem", "pk": 42, "fields": {"order": 37, "product": 12, "item_size": "regular", "quantity": 1, "lineitem_total": "3.00"}}, {"model": "checkout.orderlineitem", "pk": 43, "fields": {"order": 38, "product": 3, "item_size": "regular", "quantity": 1, "lineitem_total": "2.50"}}, {"model": "checkout.orderlineitem", "pk": 44, "fields": {"order": 39, "product": 3, "item_size": "regular", "quantity": 1, "lineitem_total": "2.50"}}, {"model": "checkout.orderlineitem", "pk": 45, "fields": {"order": 40, "product": 3, "item_size": "regular", "quantity": 1, "lineitem_total": "2.50"}}, {"model": "checkout.orderlineitem", "pk": 46, "fields": {"order": 41, "product": 18, "item_size": null, "quantity": 1, "lineitem_total": "2.00"}}, {"model": "checkout.orderlineitem", "pk": 47, "fields": {"order": 42, "product": 19, "item_size": "regular", "quantity": 1, "lineitem_total": "3.50"}}, {"model": "checkout.orderlineitem", "pk": 48, "fields": {"order": 43, "product": 3, "item_size": "regular", "quantity": 1, "lineitem_total": "2.50"}}, {"model": "checkout.orderlineitem", "pk": 49, "fields": {"order": 44, "product": 3, "item_size": "regular", "quantity": 1, "lineitem_total": "2.50"}}, {"model": "checkout.orderlineitem", "pk": 50, "fields": {"order": 45, "product": 13, "item_size": "regular", "quantity": 1, "lineitem_total": "4.00"}}, {"model": "checkout.orderlineitem", "pk": 51, "fields": {"order": 46, "product": 3, "item_size": "regular", "quantity": 1, "lineitem_total": "2.50"}}, {"model": "checkout.orderlineitem", "pk": 52, "fields": {"order": 47, "product": 16, "item_size": "regular", "quantity": 1, "lineitem_total": "3.00"}}, {"model": "checkout.orderlineitem", "pk": 53, "fields": {"order": 48, "product": 11, "item_size": "regular", "quantity": 1, "lineitem_total": "3.00"}}, {"model": "checkout.orderlineitem", "pk": 54, "fields": {"order": 49, "product": 11, "item_size": "regular", "quantity": 1, "lineitem_total": "3.00"}}, {"model": "checkout.orderlineitem", "pk": 55, "fields": {"order": 50, "product": 11, "item_size": "regular", "quantity": 1, "lineitem_total": "3.00"}}, {"model": "checkout.orderlineitem", "pk": 56, "fields": {"order": 51, "product": 19, "item_size": "regular", "quantity": 1, "lineitem_total": "3.50"}}, {"model": "checkout.orderlineitem", "pk": 57, "fields": {"order": 52, "product": 16, "item_size": "regular", "quantity": 1, "lineitem_total": "3.00"}}, {"model": "checkout.orderlineitem", "pk": 58, "fields": {"order": 53, "product": 8, "item_size": "regular", "quantity": 1, "lineitem_total": "2.00"}}, {"model": "checkout.orderlineitem", "pk": 59, "fields": {"order": 54, "product": 8, "item_size": "regular", "quantity": 1, "lineitem_total": "2.00"}}, {"model": "checkout.orderlineitem", "pk": 60, "fields": {"order": 55, "product": 15, "item_size": "regular", "quantity": 1, "lineitem_total": "3.00"}}, {"model": "checkout.orderlineitem", "pk": 61, "fields": {"order": 56, "product": 3, "item_size": "regular", "quantity": 1, "lineitem_total": "2.50"}}, {"model": "checkout.orderlineitem", "pk": 62, "fields": {"order": 57, "product": 13, "item_size": "regular", "quantity": 1, "lineitem_total": "4.00"}}, {"model": "checkout.orderlineitem", "pk": 63, "fields": {"order": 58, "product": 8, "item_size": "regular", "quantity": 1, "lineitem_total": "2.00"}}, {"model": "checkout.orderlineitem", "pk": 64, "fields": {"order": 59, "product": 15, "item_size": "regular", "quantity": 1, "lineitem_total": "3.00"}}, {"model": "checkout.orderlineitem", "pk": 65, "fields": {"order": 60, "product": 8, "item_size": "regular", "quantity": 1, "lineitem_total": "2.00"}}, {"model": "checkout.orderlineitem", "pk": 66, "fields": {"order": 61, "product": 8, "item_size": "regular", "quantity": 1, "lineitem_total": "2.00"}}, {"model": "checkout.orderlineitem", "pk": 67, "fields": {"order": 62, "product": 8, "item_size": "regular", "quantity": 1, "lineitem_total": "2.00"}}, {"model": "checkout.orderlineitem", "pk": 68, "fields": {"order": 63, "product": 16, "item_size": "regular", "quantity": 1, "lineitem_total": "3.00"}}, {"model": "checkout.orderlineitem", "pk": 69, "fields": {"order": 64, "product": 8, "item_size": "regular", "quantity": 1, "lineitem_total": "2.00"}}, {"model": "checkout.orderlineitem", "pk": 70, "fields": {"order": 65, "product": 3, "item_size": "regular", "quantity": 1, "lineitem_total": "2.50"}}, {"model": "checkout.orderlineitem", "pk": 71, "fields": {"order": 66, "product": 1, "item_size": "regular", "quantity": 3, "lineitem_total": "4.50"}}, {"model": "checkout.orderlineitem", "pk": 72, "fields": {"order": 67, "product": 3, "item_size": "regular", "quantity": 1, "lineitem_total": "2.50"}}, {"model": "checkout.orderlineitem", "pk": 73, "fields": {"order": 68, "product": 3, "item_size": "regular", "quantity": 1, "lineitem_total": "2.50"}}, {"model": "checkout.orderlineitem", "pk": 74, "fields": {"order": 69, "product": 11, "item_size": "regular", "quantity": 1, "lineitem_total": "3.00"}}, {"model": "checkout.orderlineitem", "pk": 75, "fields": {"order": 70, "product": 19, "item_size": "regular", "quantity": 1, "lineitem_total": "3.50"}}, {"model": "checkout.orderlineitem", "pk": 76, "fields": {"order": 71, "product": 8, "item_size": "regular", "quantity": 1, "lineitem_total": "2.00"}}, {"model": "checkout.orderlineitem", "pk": 77, "fields": {"order": 72, "product": 14, "item_size": "regular", "quantity": 1, "lineitem_total": "3.00"}}, {"model": "checkout.orderlineitem", "pk": 78, "fields": {"order": 73, "product": 13, "item_size": "regular", "quantity": 1, "lineitem_total": "4.00"}}, {"model": "checkout.orderlineitem", "pk": 79, "fields": {"order": 74, "product": 15, "item_size": "regular", "quantity": 1, "lineitem_total": "3.00"}}, {"model": "checkout.orderlineitem", "pk": 80, "fields": {"order": 75, "product": 11, "item_size": "regular", "quantity": 1, "lineitem_total": "3.00"}}, {"model": "checkout.orderlineitem", "pk": 81, "fields": {"order": 76, "product": 16, "item_size": "regular", "quantity": 1, "lineitem_total": "3.00"}}, {"model": "checkout.orderlineitem", "pk": 82, "fields": {"order": 77, "product": 18, "item_size": null, "quantity": 1, "lineitem_total": "2.00"}}, {"model": "checkout.orderlineitem", "pk": 83, "fields": {"order": 78, "product": 13, "item_size": "regular", "quantity": 1, "lineitem_total": "4.00"}}, {"model": "checkout.orderlineitem", "pk": 84, "fields": {"order": 79, "product": 4, "item_size": "regular", "quantity": 1, "lineitem_total": "2.00"}}, {"model": "checkout.orderlineitem", "pk": 85, "fields": {"order": 80, "product": 19, "item_size": "regular", "quantity": 1, "lineitem_total": "3.50"}}, {"model": "checkout.orderlineitem", "pk": 86, "fields": {"order": 81, "product": 13, "item_size": "regular", "quantity": 1, "lineitem_total": "4.00"}}, {"model": "checkout.orderlineitem", "pk": 87, "fields": {"order": 82, "product": 1, "item_size": "regular", "quantity": 1, "lineitem_total": "1.50"}}, {"model": "checkout.orderlineitem", "pk": 88, "fields": {"order": 83, "product": 3, "item_size": "regular", "quantity": 1, "lineitem_total": "2.50"}}, {"model": "checkout.orderlineitem", "pk": 89, "fields": {"order": 84, "product": 3, "item_size": "regular", "quantity": 1, "lineitem_total": "2.50"}}, {"model": "checkout.orderlineitem", "pk": 90, "fields": {"order": 85, "product": 3, "item_size": "regular", "quantity": 1, "lineitem_total": "2.50"}}, {"model": "checkout.orderlineitem", "pk": 91, "fields": {"order": 86, "product": 2, "item_size": "regular", "quantity": 1, "lineitem_total": "2.50"}}, {"model": "checkout.orderlineitem", "pk": 92, "fields": {"order": 87, "product": 4, "item_size": "regular", "quantity": 2, "lineitem_total": "4.00"}}, {"model": "checkout.orderlineitem", "pk": 93, "fields": {"order": 87, "product": 9, "item_size": null, "quantity": 1, "lineitem_total": "1.00"}}, {"model": "checkout.orderlineitem", "pk": 94, "fields": {"order": 87, "product": 19, "item_size": "large", "quantity": 1, "lineitem_total": "3.50"}}, {"model": "checkout.orderlineitem", "pk": 95, "fields": {"order": 87, "product": 3, "item_size": "regular", "quantity": 1, "lineitem_total": "2.50"}}, {"model": "checkout.orderlineitem", "pk": 96, "fields": {"order": 87, "product": 3, "item_size": "large", "quantity": 1, "lineitem_total": "2.50"}}, {"model": "checkout.orderlineitem", "pk": 97, "fields": {"order": 88, "product": 3, "item_size": "regular", "quantity": 1, "lineitem_total": "2.50"}}, {"model": "checkout.orderlineitem", "pk": 98, "fields": {"order": 89, "product": 3, "item_size": "regular", "quantity": 1, "lineitem_total": "2.50"}}, {"model": "checkout.orderlineitem", "pk": 99, "fields": {"order": 90, "product": 3, "item_size": "regular", "quantity": 1, "lineitem_total": "2.50"}}, {"model": "checkout.orderlineitem", "pk": 100, "fields": {"order": 91, "product": 3, "item_size": "regular", "quantity": 1, "lineitem_total": "2.50"}}, {"model": "checkout.orderlineitem", "pk": 101, "fields": {"order": 92, "product": 3, "item_size": "regular", "quantity": 1, "lineitem_total": "2.50"}}, {"model": "checkout.orderlineitem", "pk": 102, "fields": {"order": 93, "product": 3, "item_size": "regular", "quantity": 1, "lineitem_total": "2.50"}}, {"model": "checkout.orderlineitem", "pk": 103, "fields": {"order": 94, "product": 3, "item_size": "regular", "quantity": 1, "lineitem_total": "2.50"}}, {"model": "checkout.orderlineitem", "pk": 104, "fields": {"order": 95, "product": 3, "item_size": "regular", "quantity": 1, "lineitem_total": "2.50"}}, {"model": "checkout.orderlineitem", "pk": 105, "fields": {"order": 96, "product": 4, "item_size": "regular", "quantity": 1, "lineitem_total": "2.00"}}, {"model": "checkout.orderlineitem", "pk": 106, "fields": {"order": 97, "product": 2, "item_size": "regular", "quantity": 1, "lineitem_total": "2.50"}}, {"model": "checkout.orderlineitem", "pk": 107, "fields": {"order": 98, "product": 3, "item_size": "regular", "quantity": 1, "lineitem_total": "2.50"}}, {"model": "checkout.orderlineitem", "pk": 108, "fields": {"order": 99, "product": 3, "item_size": "regular", "quantity": 2, "lineitem_total": "5.00"}}, {"model": "checkout.orderlineitem", "pk": 109, "fields": {"order": 100, "product": 3, "item_size": "regular", "quantity": 2, "lineitem_total": "5.00"}}, {"model": "checkout.orderlineitem", "pk": 110, "fields": {"order": 101, "product": 3, "item_size": "regular", "quantity": 2, "lineitem_total": "5.00"}}, {"model": "checkout.orderlineitem", "pk": 111, "fields": {"order": 102, "product": 3, "item_size": "regular", "quantity": 2, "lineitem_total": "5.00"}}, {"model": "checkout.orderlineitem", "pk": 112, "fields": {"order": 103, "product": 3, "item_size": "regular", "quantity": 2, "lineitem_total": "5.00"}}, {"model": "checkout.orderlineitem", "pk": 113, "fields": {"order": 104, "product": 10, "item_size": "regular", "quantity": 1, "lineitem_total": "2.50"}}, {"model": "checkout.orderlineitem", "pk": 114, "fields": {"order": 105, "product": 10, "item_size": "regular", "quantity": 1, "lineitem_total": "2.50"}}, {"model": "checkout.orderlineitem", "pk": 115, "fields": {"order": 106, "product": 3, "item_size": "regular", "quantity": 2, "lineitem_total": "5.00"}}, {"model": "checkout.orderlineitem", "pk": 116, "fields": {"order": 107, "product": 3, "item_size": "regular", "quantity": 2, "lineitem_total": "5.00"}}, {"model": "checkout.orderlineitem", "pk": 117, "fields": {"order": 108, "product": 3, "item_size": "regular", "quantity": 2, "lineitem_total": "5.00"}}, {"model": "profiles.userprofile", "pk": 1, "fields": {"user": 1, "default_full_name": "Andrew B the 3rd", "default_phone_number": "01234 56789", "default_email": "andrew@B.co.uk"}}, {"model": "profiles.userprofile", "pk": 2, "fields": {"user": 2, "default_full_name": "Cecil Giblet", "default_phone_number": "07735 7898787", "default_email": "cecil@giblet.com"}}, {"model": "admin.logentry", "pk": 1, "fields": {"action_time": "2021-08-25T19:31:26.600Z", "user": 1, "content_type": 7, "object_id": "1", "object_repr": "espressorders.example.com", "action_flag": 2, "change_message": "[{\"changed\": {\"fields\": [\"Domain name\", \"Display name\"]}}]"}}, {"model": "admin.logentry", "pk": 2, "fields": {"action_time": "2021-08-25T19:51:39.072Z", "user": 1, "content_type": 8, "object_id": "1", "object_repr": "andrewboyd79@googlemail.com", "action_flag": 2, "change_message": "[{\"changed\": {\"fields\": [\"Verified\", \"Primary\"]}}]"}}, {"model": "admin.logentry", "pk": 3, "fields": {"action_time": "2021-08-27T15:05:35.818Z", "user": 1, "content_type": 13, "object_id": "1", "object_repr": "Hot Drinks", "action_flag": 1, "change_message": "[{\"added\": {}}]"}}, {"model": "admin.logentry", "pk": 4, "fields": {"action_time": "2021-08-27T15:05:50.200Z", "user": 1, "content_type": 13, "object_id": "2", "object_repr": "Cold Drinks", "action_flag": 1, "change_message": "[{\"added\": {}}]"}}, {"model": "admin.logentry", "pk": 5, "fields": {"action_time": "2021-08-27T15:05:55.113Z", "user": 1, "content_type": 13, "object_id": "3", "object_repr": "Iced Drinks", "action_flag": 1, "change_message": "[{\"added\": {}}]"}}, {"model": "admin.logentry", "pk": 6, "fields": {"action_time": "2021-08-27T15:06:44.472Z", "user": 1, "content_type": 15, "object_id": "1", "object_repr": "Coffee", "action_flag": 1, "change_message": "[{\"added\": {}}]"}}, {"model": "admin.logentry", "pk": 7, "fields": {"action_time": "2021-08-27T15:06:47.500Z", "user": 1, "content_type": 15, "object_id": "2", "object_repr": "Tea", "action_flag": 1, "change_message": "[{\"added\": {}}]"}}, {"model": "admin.logentry", "pk": 8, "fields": {"action_time": "2021-08-27T15:06:52.351Z", "user": 1, "content_type": 15, "object_id": "3", "object_repr": "Speciality", "action_flag": 1, "change_message": "[{\"added\": {}}]"}}, {"model": "admin.logentry", "pk": 9, "fields": {"action_time": "2021-08-27T15:07:08.503Z", "user": 1, "content_type": 15, "object_id": "4", "object_repr": "Smoothies", "action_flag": 1, "change_message": "[{\"added\": {}}]"}}, {"model": "admin.logentry", "pk": 10, "fields": {"action_time": "2021-08-27T15:07:12.956Z", "user": 1, "content_type": 15, "object_id": "5", "object_repr": "Shakes", "action_flag": 1, "change_message": "[{\"added\": {}}]"}}, {"model": "admin.logentry", "pk": 11, "fields": {"action_time": "2021-08-27T15:07:40.832Z", "user": 1, "content_type": 15, "object_id": "6", "object_repr": "Soft Drinks", "action_flag": 1, "change_message": "[{\"added\": {}}]"}}, {"model": "admin.logentry", "pk": 12, "fields": {"action_time": "2021-08-27T15:07:47.156Z", "user": 1, "content_type": 15, "object_id": "7", "object_repr": "Iced Coffee", "action_flag": 1, "change_message": "[{\"added\": {}}]"}}, {"model": "admin.logentry", "pk": 13, "fields": {"action_time": "2021-08-27T15:24:36.710Z", "user": 1, "content_type": 14, "object_id": "1", "object_repr": "Espresso", "action_flag": 1, "change_message": "[{\"added\": {}}]"}}, {"model": "admin.logentry", "pk": 14, "fields": {"action_time": "2021-08-27T18:29:30.983Z", "user": 1, "content_type": 14, "object_id": "2", "object_repr": "Latte", "action_flag": 1, "change_message": "[{\"added\": {}}]"}}, {"model": "admin.logentry", "pk": 15, "fields": {"action_time": "2021-08-27T18:30:10.181Z", "user": 1, "content_type": 14, "object_id": "3", "object_repr": "Cappuccino", "action_flag": 1, "change_message": "[{\"added\": {}}]"}}, {"model": "admin.logentry", "pk": 16, "fields": {"action_time": "2021-08-27T18:31:24.867Z", "user": 1, "content_type": 14, "object_id": "4", "object_repr": "Americano", "action_flag": 1, "change_message": "[{\"added\": {}}]"}}, {"model": "admin.logentry", "pk": 17, "fields": {"action_time": "2021-08-27T18:32:18.131Z", "user": 1, "content_type": 14, "object_id": "5", "object_repr": "Flat White", "action_flag": 1, "change_message": "[{\"added\": {}}]"}}, {"model": "admin.logentry", "pk": 18, "fields": {"action_time": "2021-08-27T18:32:59.091Z", "user": 1, "content_type": 14, "object_id": "6", "object_repr": "House Blend", "action_flag": 1, "change_message": "[{\"added\": {}}]"}}, {"model": "admin.logentry", "pk": 19, "fields": {"action_time": "2021-08-27T18:33:46.383Z", "user": 1, "content_type": 14, "object_id": "7", "object_repr": "Breakfast Tea", "action_flag": 1, "change_message": "[{\"added\": {}}]"}}, {"model": "admin.logentry", "pk": 20, "fields": {"action_time": "2021-08-27T18:34:39.447Z", "user": 1, "content_type": 14, "object_id": "8", "object_repr": "Earl Grey", "action_flag": 1, "change_message": "[{\"added\": {}}]"}}, {"model": "admin.logentry", "pk": 21, "fields": {"action_time": "2021-08-27T18:35:18.912Z", "user": 1, "content_type": 14, "object_id": "9", "object_repr": "Babyccino", "action_flag": 1, "change_message": "[{\"added\": {}}]"}}, {"model": "admin.logentry", "pk": 22, "fields": {"action_time": "2021-08-27T18:36:28.325Z", "user": 1, "content_type": 14, "object_id": "10", "object_repr": "Chai Latte", "action_flag": 1, "change_message": "[{\"added\": {}}]"}}, {"model": "admin.logentry", "pk": 23, "fields": {"action_time": "2021-08-27T18:36:54.852Z", "user": 1, "content_type": 14, "object_id": "11", "object_repr": "Hot Chocolate", "action_flag": 1, "change_message": "[{\"added\": {}}]"}}, {"model": "admin.logentry", "pk": 24, "fields": {"action_time": "2021-08-27T18:38:04.868Z", "user": 1, "content_type": 14, "object_id": "12", "object_repr": "Muddy Pup", "action_flag": 1, "change_message": "[{\"added\": {}}]"}}, {"model": "admin.logentry", "pk": 25, "fields": {"action_time": "2021-08-27T18:38:36.194Z", "user": 1, "content_type": 14, "object_id": "13", "object_repr": "Green Booster", "action_flag": 1, "change_message": "[{\"added\": {}}]"}}, {"model": "admin.logentry", "pk": 26, "fields": {"action_time": "2021-08-27T18:39:00.232Z", "user": 1, "content_type": 14, "object_id": "14", "object_repr": "Chocolate", "action_flag": 1, "change_message": "[{\"added\": {}}]"}}, {"model": "admin.logentry", "pk": 27, "fields": {"action_time": "2021-08-27T18:39:29.315Z", "user": 1, "content_type": 14, "object_id": "15", "object_repr": "Strawberry", "action_flag": 1, "change_message": "[{\"added\": {}}]"}}, {"model": "admin.logentry", "pk": 28, "fields": {"action_time": "2021-08-27T18:39:55.984Z", "user": 1, "content_type": 14, "object_id": "16", "object_repr": "Vanilla", "action_flag": 1, "change_message": "[{\"added\": {}}]"}}, {"model": "admin.logentry", "pk": 29, "fields": {"action_time": "2021-08-27T18:40:33.180Z", "user": 1, "content_type": 14, "object_id": "17", "object_repr": "Still Water", "action_flag": 1, "change_message": "[{\"added\": {}}]"}}, {"model": "admin.logentry", "pk": 30, "fields": {"action_time": "2021-08-27T18:41:02.909Z", "user": 1, "content_type": 14, "object_id": "18", "object_repr": "Sparkling Water", "action_flag": 1, "change_message": "[{\"added\": {}}]"}}, {"model": "admin.logentry", "pk": 31, "fields": {"action_time": "2021-08-27T18:42:23.733Z", "user": 1, "content_type": 14, "object_id": "19", "object_repr": "Iced Latte", "action_flag": 1, "change_message": "[{\"added\": {}}]"}}, {"model": "admin.logentry", "pk": 32, "fields": {"action_time": "2021-08-29T18:29:05.041Z", "user": 1, "content_type": 14, "object_id": "20", "object_repr": "Test", "action_flag": 1, "change_message": "[{\"added\": {}}]"}}, {"model": "admin.logentry", "pk": 33, "fields": {"action_time": "2021-08-29T20:08:12.663Z", "user": 1, "content_type": 14, "object_id": "20", "object_repr": "Test", "action_flag": 3, "change_message": ""}}, {"model": "admin.logentry", "pk": 34, "fields": {"action_time": "2021-08-30T19:50:31.732Z", "user": 1, "content_type": 16, "object_id": "1", "object_repr": "Hospital Cart", "action_flag": 1, "change_message": "[{\"added\": {}}]"}}, {"model": "admin.logentry", "pk": 35, "fields": {"action_time": "2021-08-30T19:50:37.437Z", "user": 1, "content_type": 16, "object_id": "2", "object_repr": "Park Cart", "action_flag": 1, "change_message": "[{\"added\": {}}]"}}, {"model": "admin.logentry", "pk": 36, "fields": {"action_time": "2021-08-30T19:52:10.806Z", "user": 1, "content_type": 16, "object_id": "2", "object_repr": "Parc Cart", "action_flag": 2, "change_message": "[{\"changed\": {\"fields\": [\"Name\"]}}]"}}, {"model": "admin.logentry", "pk": 37, "fields": {"action_time": "2021-08-30T19:52:32.893Z", "user": 1, "content_type": 16, "object_id": "2", "object_repr": "Parks Cart", "action_flag": 2, "change_message": "[{\"changed\": {\"fields\": [\"Name\"]}}]"}}, {"model": "admin.logentry", "pk": 38, "fields": {"action_time": "2021-08-30T20:01:46.140Z", "user": 1, "content_type": 14, "object_id": "1", "object_repr": "Espresso", "action_flag": 2, "change_message": "[{\"changed\": {\"fields\": [\"Description\"]}}]"}}, {"model": "admin.logentry", "pk": 39, "fields": {"action_time": "2021-08-30T20:05:59.141Z", "user": 1, "content_type": 14, "object_id": "1", "object_repr": "Espresso", "action_flag": 2, "change_message": "[{\"changed\": {\"fields\": [\"Description\"]}}]"}}, {"model": "admin.logentry", "pk": 40, "fields": {"action_time": "2021-08-30T20:09:53.682Z", "user": 1, "content_type": 14, "object_id": "2", "object_repr": "Latte", "action_flag": 2, "change_message": "[{\"changed\": {\"fields\": [\"Description\"]}}]"}}, {"model": "admin.logentry", "pk": 41, "fields": {"action_time": "2021-08-30T20:12:13.886Z", "user": 1, "content_type": 14, "object_id": "3", "object_repr": "Cappuccino", "action_flag": 2, "change_message": "[{\"changed\": {\"fields\": [\"Description\"]}}]"}}, {"model": "admin.logentry", "pk": 42, "fields": {"action_time": "2021-08-31T08:58:46.869Z", "user": 1, "content_type": 15, "object_id": "1", "object_repr": "Coffee", "action_flag": 2, "change_message": "[{\"changed\": {\"fields\": [\"Category\"]}}]"}}, {"model": "admin.logentry", "pk": 43, "fields": {"action_time": "2021-08-31T08:58:50.661Z", "user": 1, "content_type": 15, "object_id": "1", "object_repr": "Coffee", "action_flag": 2, "change_message": "[]"}}, {"model": "admin.logentry", "pk": 44, "fields": {"action_time": "2021-08-31T08:58:59.510Z", "user": 1, "content_type": 15, "object_id": "7", "object_repr": "Iced Coffee", "action_flag": 2, "change_message": "[{\"changed\": {\"fields\": [\"Category\"]}}]"}}, {"model": "admin.logentry", "pk": 45, "fields": {"action_time": "2021-08-31T08:59:05.132Z", "user": 1, "content_type": 15, "object_id": "5", "object_repr": "Shakes", "action_flag": 2, "change_message": "[{\"changed\": {\"fields\": [\"Category\"]}}]"}}, {"model": "admin.logentry", "pk": 46, "fields": {"action_time": "2021-08-31T08:59:11.946Z", "user": 1, "content_type": 15, "object_id": "4", "object_repr": "Smoothies", "action_flag": 2, "change_message": "[{\"changed\": {\"fields\": [\"Category\"]}}]"}}, {"model": "admin.logentry", "pk": 47, "fields": {"action_time": "2021-08-31T08:59:19.426Z", "user": 1, "content_type": 15, "object_id": "6", "object_repr": "Soft Drinks", "action_flag": 2, "change_message": "[{\"changed\": {\"fields\": [\"Category\"]}}]"}}, {"model": "admin.logentry", "pk": 48, "fields": {"action_time": "2021-08-31T08:59:37.731Z", "user": 1, "content_type": 15, "object_id": "3", "object_repr": "Speciality Coffee", "action_flag": 2, "change_message": "[{\"changed\": {\"fields\": [\"Name\", \"Category\"]}}]"}}, {"model": "admin.logentry", "pk": 49, "fields": {"action_time": "2021-08-31T09:00:02.626Z", "user": 1, "content_type": 15, "object_id": "2", "object_repr": "Tea", "action_flag": 2, "change_message": "[{\"changed\": {\"fields\": [\"Category\"]}}]"}}, {"model": "admin.logentry", "pk": 50, "fields": {"action_time": "2021-09-06T08:16:12.967Z", "user": 1, "content_type": 14, "object_id": "1", "object_repr": "Espresso", "action_flag": 2, "change_message": "[{\"changed\": {\"fields\": [\"Has attributes\"]}}]"}}, {"model": "admin.logentry", "pk": 51, "fields": {"action_time": "2021-09-06T08:16:20.716Z", "user": 1, "content_type": 14, "object_id": "2", "object_repr": "Latte", "action_flag": 2, "change_message": "[{\"changed\": {\"fields\": [\"Has attributes\"]}}]"}}, {"model": "admin.logentry", "pk": 52, "fields": {"action_time": "2021-09-06T08:16:28.146Z", "user": 1, "content_type": 14, "object_id": "3", "object_repr": "Cappuccino", "action_flag": 2, "change_message": "[{\"changed\": {\"fields\": [\"Has attributes\"]}}]"}}, {"model": "admin.logentry", "pk": 53, "fields": {"action_time": "2021-09-06T08:16:33.842Z", "user": 1, "content_type": 14, "object_id": "4", "object_repr": "Americano", "action_flag": 2, "change_message": "[{\"changed\": {\"fields\": [\"Has attributes\"]}}]"}}, {"model": "admin.logentry", "pk": 54, "fields": {"action_time": "2021-09-06T08:16:41.372Z", "user": 1, "content_type": 14, "object_id": "5", "object_repr": "Flat White", "action_flag": 2, "change_message": "[{\"changed\": {\"fields\": [\"Has attributes\"]}}]"}}, {"model": "admin.logentry", "pk": 55, "fields": {"action_time": "2021-09-06T08:16:47.978Z", "user": 1, "content_type": 14, "object_id": "6", "object_repr": "House Blend", "action_flag": 2, "change_message": "[{\"changed\": {\"fields\": [\"Has attributes\"]}}]"}}, {"model": "admin.logentry", "pk": 56, "fields": {"action_time": "2021-09-06T08:16:57.281Z", "user": 1, "content_type": 14, "object_id": "7", "object_repr": "Breakfast Tea", "action_flag": 2, "change_message": "[{\"changed\": {\"fields\": [\"Has attributes\"]}}]"}}, {"model": "admin.logentry", "pk": 57, "fields": {"action_time": "2021-09-06T08:18:29.234Z", "user": 1, "content_type": 14, "object_id": "8", "object_repr": "Earl Grey", "action_flag": 2, "change_message": "[{\"changed\": {\"fields\": [\"Has attributes\"]}}]"}}, {"model": "admin.logentry", "pk": 58, "fields": {"action_time": "2021-09-06T08:18:52.879Z", "user": 1, "content_type": 14, "object_id": "5", "object_repr": "Flat White", "action_flag": 2, "change_message": "[{\"changed\": {\"fields\": [\"Has attributes\"]}}]"}}, {"model": "admin.logentry", "pk": 59, "fields": {"action_time": "2021-09-06T08:19:10.830Z", "user": 1, "content_type": 14, "object_id": "10", "object_repr": "Chai Latte", "action_flag": 2, "change_message": "[]"}}, {"model": "admin.logentry", "pk": 60, "fields": {"action_time": "2021-09-06T08:19:19.665Z", "user": 1, "content_type": 14, "object_id": "10", "object_repr": "Chai Latte", "action_flag": 2, "change_message": "[{\"changed\": {\"fields\": [\"Has attributes\"]}}]"}}, {"model": "admin.logentry", "pk": 61, "fields": {"action_time": "2021-09-06T08:19:31.444Z", "user": 1, "content_type": 14, "object_id": "11", "object_repr": "Hot Chocolate", "action_flag": 2, "change_message": "[{\"changed\": {\"fields\": [\"Has attributes\"]}}]"}}, {"model": "admin.logentry", "pk": 62, "fields": {"action_time": "2021-09-06T08:19:41.039Z", "user": 1, "content_type": 14, "object_id": "12", "object_repr": "Muddy Pup", "action_flag": 2, "change_message": "[{\"changed\": {\"fields\": [\"Has attributes\"]}}]"}}, {"model": "admin.logentry", "pk": 63, "fields": {"action_time": "2021-09-06T08:19:48.455Z", "user": 1, "content_type": 14, "object_id": "13", "object_repr": "Green Booster", "action_flag": 2, "change_message": "[{\"changed\": {\"fields\": [\"Has attributes\"]}}]"}}, {"model": "admin.logentry", "pk": 64, "fields": {"action_time": "2021-09-06T08:19:55.230Z", "user": 1, "content_type": 14, "object_id": "14", "object_repr": "Chocolate", "action_flag": 2, "change_message": "[{\"changed\": {\"fields\": [\"Has attributes\"]}}]"}}, {"model": "admin.logentry", "pk": 65, "fields": {"action_time": "2021-09-06T08:20:02.285Z", "user": 1, "content_type": 14, "object_id": "16", "object_repr": "Vanilla", "action_flag": 2, "change_message": "[{\"changed\": {\"fields\": [\"Has attributes\"]}}]"}}, {"model": "admin.logentry", "pk": 66, "fields": {"action_time": "2021-09-06T08:20:16.916Z", "user": 1, "content_type": 14, "object_id": "15", "object_repr": "Strawberry", "action_flag": 2, "change_message": "[]"}}, {"model": "admin.logentry", "pk": 67, "fields": {"action_time": "2021-09-06T08:20:24.941Z", "user": 1, "content_type": 14, "object_id": "15", "object_repr": "Strawberry", "action_flag": 2, "change_message": "[{\"changed\": {\"fields\": [\"Has attributes\"]}}]"}}, {"model": "admin.logentry", "pk": 68, "fields": {"action_time": "2021-09-06T08:20:36.371Z", "user": 1, "content_type": 14, "object_id": "19", "object_repr": "Iced Latte", "action_flag": 2, "change_message": "[{\"changed\": {\"fields\": [\"Has attributes\"]}}]"}}, {"model": "admin.logentry", "pk": 69, "fields": {"action_time": "2021-09-09T20:24:02.675Z", "user": 1, "content_type": 18, "object_id": "2", "object_repr": "CD0CA9A3AB2B481583A0E2879F6A9C71", "action_flag": 3, "change_message": ""}}, {"model": "admin.logentry", "pk": 70, "fields": {"action_time": "2021-09-09T20:24:02.706Z", "user": 1, "content_type": 18, "object_id": "1", "object_repr": "A6B8927F004E42F586DD2566A405A1A8", "action_flag": 3, "change_message": ""}}, {"model": "admin.logentry", "pk": 71, "fields": {"action_time": "2021-09-14T20:51:18.783Z", "user": 1, "content_type": 8, "object_id": "2", "object_repr": "cecil@giblet.com", "action_flag": 2, "change_message": "[{\"changed\": {\"fields\": [\"Verified\"]}}]"}}]